[{"model": "auth.group", "pk": 1, "fields": {"name": "Client", "permissions": [45, 48, 68]}}, {"model": "auth.group", "pk": 2, "fields": {"name": "Employee", "permissions": [36, 48]}}, {"model": "auth.user", "pk": 1, "fields": {"password": "pbkdf2_sha256$1000000$kpT7xviV3GMoIoj742dV9j$20MtHjU/cFLA0UDhg540i8dfwSKPimj9ehsalxN0Opw=", "last_login": "2026-06-07T10:52:25.870Z", "is_superuser": true, "username": "maria", "first_name": "", "last_name": "", "email": "mariazhukovskaya00@mail.ru", "is_staff": true, "is_active": true, "date_joined": "2026-05-25T21:05:55.954Z", "groups": [], "user_permissions": []}}, {"model": "auth.user", "pk": 9, "fields": {"password": "pbkdf2_sha256$1000000$5CJzMZSYZmPOQrCUEdY8rJ$ZyOxMxCtwDJIKWLrzDrvqQEiksvx0RtIGmezaudPGH4=", "last_login": null, "is_superuser": false, "username": "emp", "first_name": "", "last_name": "", "email": "", "is_staff": false, "is_active": true, "date_joined": "2026-06-06T22:14:42.561Z", "groups": [], "user_permissions": []}}, {"model": "auth.user", "pk": 10, "fields": {"password": "pbkdf2_sha256$1000000$A4dubBKvshq4mMcKKM7QU0$WLs/fqr/LKlTBEItCfbJ40bcfQuR0NSW6jvLcMMvwXM=", "last_login": null, "is_superuser": false, "username": "hailey_bieber", "first_name": "", "last_name": "", "email": "", "is_staff": false, "is_active": true, "date_joined": "2026-06-07T12:01:11Z", "groups": [2], "user_permissions": []}}, {"model": "auth.user", "pk": 11, "fields": {"password": "pbkdf2_sha256$1000000$P6a8tgJFutYvnHtduHzsQK$OjQxs8GCgByldPjC7+LHbyo8yVDVu8QWR2lGgmOZkv0=", "last_login": "2026-06-07T12:39:15.028Z", "is_superuser": false, "username": "cool_girl", "first_name": "", "last_name": "", "email": "", "is_staff": false, "is_active": true, "date_joined": "2026-06-07T12:02:02Z", "groups": [1], "user_permissions": []}}, {"model": "auth.user", "pk": 12, "fields": {"password": "pbkdf2_sha256$1000000$test$test", "last_login": null, "is_superuser": false, "username": "client2", "first_name": "", "last_name": "", "email": "client2@example.com", "is_staff": false, "is_active": true, "date_joined": "2026-06-07T12:00:00Z", "groups": [1], "user_permissions": []}}, {"model": "auth.user", "pk": 13, "fields": {"password": "pbkdf2_sha256$1000000$test$test", "last_login": null, "is_superuser": false, "username": "client3", "first_name": "", "last_name": "", "email": "client3@example.com", "is_staff": false, "is_active": true, "date_joined": "2026-06-07T12:00:00Z", "groups": [1], "user_permissions": []}}, {"model": "auth.user", "pk": 14, "fields": {"password": "pbkdf2_sha256$1000000$test$test", "last_login": null, "is_superuser": false, "username": "client4", "first_name": "", "last_name": "", "email": "client4@example.com", "is_staff": false, "is_active": true, "date_joined": "2026-06-07T12:00:00Z", "groups": [1], "user_permissions": []}}, {"model": "auth.user", "pk": 15, "fields": {"password": "pbkdf2_sha256$1000000$test$test", "last_login": null, "is_superuser": false, "username": "client5", "first_name": "", "last_name": "", "email": "client5@example.com", "is_staff": false, "is_active": true, "date_joined": "2026-06-07T12:00:00Z", "groups": [1], "user_permissions": []}}, {"model": "auth.user", "pk": 16, "fields": {"password": "pbkdf2_sha256$1000000$test$test", "last_login": null, "is_superuser": false, "username": "client6", "first_name": "", "last_name": "", "email": "client6@example.com", "is_staff": false, "is_active": true, "date_joined": "2026-06-07T12:00:00Z", "groups": [1], "user_permissions": []}}, {"model": "auth.user", "pk": 17, "fields": {"password": "pbkdf2_sha256$1000000$test$test", "last_login": null, "is_superuser": false, "username": "client7", "first_name": "", "last_name": "", "email": "client7@example.com", "is_staff": false, "is_active": true, "date_joined": "2026-06-07T12:00:00Z", "groups": [1], "user_permissions": []}}, {"model": "auth.user", "pk": 18, "fields": {"password": "pbkdf2_sha256$1000000$test$test", "last_login": null, "is_superuser": false, "username": "client8", "first_name": "", "last_name": "", "email": "client8@example.com", "is_staff": false, "is_active": true, "date_joined": "2026-06-07T12:00:00Z", "groups": [1], "user_permissions": []}}, {"model": "auth.user", "pk": 19, "fields": {"password": "pbkdf2_sha256$1000000$test$test", "last_login": null, "is_superuser": false, "username": "client9", "first_name": "", "last_name": "", "email": "client9@example.com", "is_staff": false, "is_active": true, "date_joined": "2026-06-07T12:00:00Z", "groups": [1], "user_permissions": []}}, {"model": "auth.user", "pk": 20, "fields": {"password": "pbkdf2_sha256$1000000$test$test", "last_login": null, "is_superuser": false, "username": "client10", "first_name": "", "last_name": "", "email": "client10@example.com", "is_staff": false, "is_active": true, "date_joined": "2026-06-07T12:00:00Z", "groups": [1], "user_permissions": []}}, {"model": "auth.user", "pk": 21, "fields": {"password": "pbkdf2_sha256$1000000$test$test", "last_login": null, "is_superuser": false, "username": "emp2", "first_name": "John", "last_name": "Doe", "email": "john.doe@example.com", "is_staff": false, "is_active": true, "date_joined": "2026-06-07T13:00:00Z", "groups": [2], "user_permissions": []}}, {"model": "auth.user", "pk": 22, "fields": {"password": "pbkdf2_sha256$1000000$test$test", "last_login": null, "is_superuser": false, "username": "emp3", "first_name": "Jane", "last_name": "Smith", "email": "jane.smith@example.com", "is_staff": false, "is_active": true, "date_joined": "2026-06-07T13:00:00Z", "groups": [2], "user_permissions": []}}, {"model": "auth.user", "pk": 23, "fields": {"password": "pbkdf2_sha256$1000000$test$test", "last_login": null, "is_superuser": false, "username": "emp4", "first_name": "Mike", "last_name": "Johnson", "email": "mike.j@example.com", "is_staff": false, "is_active": true, "date_joined": "2026-06-07T13:00:00Z", "groups": [2], "user_permissions": []}}, {"model": "auth.user", "pk": 24, "fields": {"password": "pbkdf2_sha256$1000000$test$test", "last_login": null, "is_superuser": false, "username": "emp5", "first_name": "Sarah", "last_name": "Williams", "email": "sarah.w@example.com", "is_staff": false, "is_active": true, "date_joined": "2026-06-07T13:00:00Z", "groups": [2], "user_permissions": []}}, {"model": "auth.user", "pk": 25, "fields": {"password": "pbkdf2_sha256$1000000$test$test", "last_login": null, "is_superuser": false, "username": "emp6", "first_name": "David", "last_name": "Brown", "email": "david.b@example.com", "is_staff": false, "is_active": true, "date_joined": "2026-06-07T13:00:00Z", "groups": [2], "user_permissions": []}}, {"model": "auth.user", "pk": 26, "fields": {"password": "pbkdf2_sha256$1000000$test$test", "last_login": null, "is_superuser": false, "username": "emp7", "first_name": "Emma", "last_name": "Jones", "email": "emma.j@example.com", "is_staff": false, "is_active": true, "date_joined": "2026-06-07T13:00:00Z", "groups": [2], "user_permissions": []}}, {"model": "auth.user", "pk": 27, "fields": {"password": "pbkdf2_sha256$1000000$test$test", "last_login": null, "is_superuser": false, "username": "emp8", "first_name": "Chris", "last_name": "Miller", "email": "chris.m@example.com", "is_staff": false, "is_active": true, "date_joined": "2026-06-07T13:00:00Z", "groups": [2], "user_permissions": []}}, {"model": "auth.user", "pk": 28, "fields": {"password": "pbkdf2_sha256$1000000$test$test", "last_login": null, "is_superuser": false, "username": "emp9", "first_name": "Patricia", "last_name": "Davis", "email": "pat.d@example.com", "is_staff": false, "is_active": true, "date_joined": "2026-06-07T13:00:00Z", "groups": [2], "user_permissions": []}}, {"model": "auth.user", "pk": 29, "fields": {"password": "pbkdf2_sha256$1000000$test$test", "last_login": null, "is_superuser": false, "username": "emp10", "first_name": "Robert", "last_name": "Garcia", "email": "robert.g@example.com", "is_staff": false, "is_active": true, "date_joined": "2026-06-07T13:00:00Z", "groups": [2], "user_permissions": []}}, {"model": "main.type", "pk": 1, "fields": {"name": "Office"}}, {"model": "main.type", "pk": 2, "fields": {"name": "Bedroom"}}, {"model": "main.type", "pk": 3, "fields": {"name": "Kitchen"}}, {"model": "main.type", "pk": 4, "fields": {"name": "Cabinet"}}, {"model": "main.type", "pk": 5, "fields": {"name": "Living Room"}}, {"model": "main.type", "pk": 6, "fields": {"name": "Dining Room"}}, {"model": "main.type", "pk": 7, "fields": {"name": "Children's Room"}}, {"model": "main.type", "pk": 8, "fields": {"name": "Hallway"}}, {"model": "main.type", "pk": 9, "fields": {"name": "Bathroom"}}, {"model": "main.type", "pk": 10, "fields": {"name": "Home Office"}}, {"model": "main.design", "pk": 1, "fields": {"name": "Modern"}}, {"model": "main.design", "pk": 2, "fields": {"name": "Loft"}}, {"model": "main.design", "pk": 3, "fields": {"name": "Vangard"}}, {"model": "main.design", "pk": 4, "fields": {"name": "Classic"}}, {"model": "main.design", "pk": 5, "fields": {"name": "Scandinavian"}}, {"model": "main.design", "pk": 6, "fields": {"name": "Industrial"}}, {"model": "main.design", "pk": 7, "fields": {"name": "Minimalism"}}, {"model": "main.design", "pk": 8, "fields": {"name": "Provence"}}, {"model": "main.design", "pk": 9, "fields": {"name": "Art Deco"}}, {"model": "main.design", "pk": 10, "fields": {"name": "Eco"}}, {"model": "main.furniture", "pk": 1, "fields": {"title": "Beauty table for cool girls", "design": 1, "price": "50.50", "in_production": true, "product_code": "MODE-001", "type": [1]}}, {"model": "main.furniture", "pk": 2, "fields": {"title": "Huge closer for serious guys", "design": 3, "price": "1000.00", "in_production": true, "product_code": "VANG-002", "type": [3]}}, {"model": "main.furniture", "pk": 3, "fields": {"title": "Stylish bed for everyone", "design": 2, "price": "75.89", "in_production": true, "product_code": "LOFT-003", "type": [2]}}, {"model": "main.furniture", "pk": 4, "fields": {"title": "Wooden table", "design": 4, "price": "400.00", "in_production": true, "product_code": "CLAS-004", "type": [4]}}, {"model": "main.furniture", "pk": 5, "fields": {"title": "Cozy Sofa", "design": 5, "price": "450.00", "in_production": true, "product_code": "SCAN-005", "type": [5]}}, {"model": "main.furniture", "pk": 6, "fields": {"title": "Extendable Dining Table", "design": 1, "price": "320.00", "in_production": true, "product_code": "MODE-006", "type": [6]}}, {"model": "main.furniture", "pk": 7, "fields": {"title": "Kids Bed with Storage", "design": 7, "price": "280.00", "in_production": true, "product_code": "MINI-007", "type": [7]}}, {"model": "main.furniture", "pk": 8, "fields": {"title": "Shoe Cabinet", "design": 6, "price": "120.00", "in_production": true, "product_code": "INDU-008", "type": [8]}}, {"model": "main.furniture", "pk": 9, "fields": {"title": "Bathroom Vanity", "design": 10, "price": "210.00", "in_production": true, "product_code": "ECO-009", "type": [9]}}, {"model": "main.furniture", "pk": 10, "fields": {"title": "Ergonomic Desk", "design": 9, "price": "350.00", "in_production": true, "product_code": "ART -010", "type": [10]}}, {"model": "main.client", "pk": 1, "fields": {"user": 11, "company_name": "Cool Girls", "responsible_person": "Sophy", "date_of_birth": "1990-01-01", "phone": "+375 (29) 111-11-11", "city": "Minsk", "address": "Coolest Street", "timezone": "US/Mountain", "timezone_updated_at": null}}, {"model": "main.client", "pk": 2, "fields": {"user": 12, "company_name": "Alpha Ltd", "responsible_person": "John Smith", "date_of_birth": "1985-06-15", "phone": "+375 (29) 111-11-12", "city": "Minsk", "address": "Pritytskogo 15", "timezone": "Europe/Minsk", "timezone_updated_at": null}}, {"model": "main.client", "pk": 3, "fields": {"user": 13, "company_name": "Beta Corp", "responsible_person": "Emily Brown", "date_of_birth": "1990-03-22", "phone": "+375 (29) 111-11-13", "city": "Brest", "address": "Masherova 5", "timezone": "Europe/Minsk", "timezone_updated_at": null}}, {"model": "main.client", "pk": 4, "fields": {"user": 14, "company_name": "Gamma LLC", "responsible_person": "Michael Lee", "date_of_birth": "1988-11-02", "phone": "+375 (29) 111-11-14", "city": "Grodno", "address": "Zamkovaya 7", "timezone": "Europe/Minsk", "timezone_updated_at": null}}, {"model": "main.client", "pk": 5, "fields": {"user": 15, "company_name": "Delta Group", "responsible_person": "Sophia Wilson", "date_of_birth": "1995-07-19", "phone": "+375 (29) 111-11-15", "city": "Mogilev", "address": "Leninskaya 22", "timezone": "Europe/Minsk", "timezone_updated_at": null}}, {"model": "main.client", "pk": 6, "fields": {"user": 16, "company_name": "Epsilon Enterprises", "responsible_person": "James Taylor", "date_of_birth": "1982-09-30", "phone": "+375 (29) 111-11-16", "city": "Vitebsk", "address": "Pobedy 11", "timezone": "Europe/Minsk", "timezone_updated_at": null}}, {"model": "main.client", "pk": 7, "fields": {"user": 17, "company_name": "Zeta Solutions", "responsible_person": "Olivia Martinez", "date_of_birth": "1992-12-05", "phone": "+375 (29) 111-11-17", "city": "Minsk", "address": "Nezavisimosti 45", "timezone": "Europe/Minsk", "timezone_updated_at": null}}, {"model": "main.client", "pk": 8, "fields": {"user": 18, "company_name": "Eta Industries", "responsible_person": "William Anderson", "date_of_birth": "1987-04-10", "phone": "+375 (29) 111-11-18", "city": "Brest", "address": "Pushkina 8", "timezone": "Europe/Minsk", "timezone_updated_at": null}}, {"model": "main.client", "pk": 9, "fields": {"user": 19, "company_name": "Theta Commerce", "responsible_person": "Isabella Thomas", "date_of_birth": "1993-08-14", "phone": "+375 (29) 111-11-19", "city": "Grodno", "address": "Kirova 12", "timezone": "Europe/Minsk", "timezone_updated_at": null}}, {"model": "main.client", "pk": 10, "fields": {"user": 20, "company_name": "Iota Partners", "responsible_person": "Ethan Jackson", "date_of_birth": "1989-01-25", "phone": "+375 (29) 111-11-20", "city": "Minsk", "address": "Kalinovskogo 3", "timezone": "Europe/Minsk", "timezone_updated_at": null}}, {"model": "main.position", "pk": 1, "fields": {"name": "Storekeeper", "salary": "1000.00"}}, {"model": "main.position", "pk": 2, "fields": {"name": "Director", "salary": "3000.00"}}, {"model": "main.position", "pk": 3, "fields": {"name": "SMM", "salary": "1200.00"}}, {"model": "main.position", "pk": 4, "fields": {"name": "Manager", "salary": "1500.00"}}, {"model": "main.position", "pk": 5, "fields": {"name": "Carpetner", "salary": "1300.00"}}, {"model": "main.position", "pk": 6, "fields": {"name": "Carpenter", "salary": "1300.00"}}, {"model": "main.position", "pk": 7, "fields": {"name": "Sales Manager", "salary": "1400.00"}}, {"model": "main.position", "pk": 8, "fields": {"name": "Furniture Assembler", "salary": "1100.00"}}, {"model": "main.position", "pk": 9, "fields": {"name": "Quality Control Specialist", "salary": "1300.00"}}, {"model": "main.position", "pk": 10, "fields": {"name": "Logistics Coordinator", "salary": "1250.00"}}, {"model": "main.position", "pk": 11, "fields": {"name": "Customer Support Representative", "salary": "1150.00"}}, {"model": "main.employee", "pk": 2, "fields": {"user": 10, "first_name": "Hailey", "last_name": "Bieber", "date_of_birth": "1990-01-01", "photo": "employees/hailey_bieber_Sucz7tn.jpg", "phone": "+375 (29) 222-22-22", "email": "hailey@mail.ru", "position": 4}}, {"model": "main.employee", "pk": 3, "fields": {"user": 21, "first_name": "John", "last_name": "Doe", "date_of_birth": "1990-01-01", "photo": "", "phone": "+375 (29) 222-22-23", "email": "john.doe@example.com", "position": 7}}, {"model": "main.employee", "pk": 4, "fields": {"user": 22, "first_name": "Jane", "last_name": "Smith", "date_of_birth": "1988-05-12", "photo": "", "phone": "+375 (29) 222-22-24", "email": "jane.smith@example.com", "position": 8}}, {"model": "main.employee", "pk": 5, "fields": {"user": 23, "first_name": "Mike", "last_name": "Johnson", "date_of_birth": "1985-09-20", "photo": "", "phone": "+375 (29) 222-22-25", "email": "mike.j@example.com", "position": 9}}, {"model": "main.employee", "pk": 6, "fields": {"user": 24, "first_name": "Sarah", "last_name": "Williams", "date_of_birth": "1992-03-15", "photo": "", "phone": "+375 (29) 222-22-26", "email": "sarah.w@example.com", "position": 10}}, {"model": "main.employee", "pk": 7, "fields": {"user": 25, "first_name": "David", "last_name": "Brown", "date_of_birth": "1987-11-30", "photo": "", "phone": "+375 (29) 222-22-27", "email": "david.b@example.com", "position": 11}}, {"model": "main.employee", "pk": 8, "fields": {"user": 26, "first_name": "Emma", "last_name": "Jones", "date_of_birth": "1991-07-08", "photo": "", "phone": "+375 (29) 222-22-28", "email": "emma.j@example.com", "position": 1}}, {"model": "main.employee", "pk": 9, "fields": {"user": 27, "first_name": "Chris", "last_name": "Miller", "date_of_birth": "1986-02-25", "photo": "", "phone": "+375 (29) 222-22-29", "email": "chris.m@example.com", "position": 2}}, {"model": "main.employee", "pk": 10, "fields": {"user": 28, "first_name": "Patricia", "last_name": "Davis", "date_of_birth": "1993-10-10", "photo": "", "phone": "+375 (29) 222-22-30", "email": "pat.d@example.com", "position": 3}}, {"model": "main.employee", "pk": 11, "fields": {"user": 29, "first_name": "Robert", "last_name": "Garcia", "date_of_birth": "1989-04-18", "photo": "", "phone": "+375 (29) 222-22-31", "email": "robert.g@example.com", "position": 5}}, {"model": "main.order", "pk": 6, "fields": {"client": 1, "furniture": 9, "quantity": 3, "order_date": "2026-01-01", "delivery_date": "2026-04-01"}}, {"model": "main.order", "pk": 7, "fields": {"client": 2, "furniture": 5, "quantity": 2, "order_date": "2026-03-17", "delivery_date": "2026-08-10"}}, {"model": "main.order", "pk": 8, "fields": {"client": 3, "furniture": 6, "quantity": 1, "order_date": "2024-09-02", "delivery_date": "2024-12-02"}}, {"model": "main.order", "pk": 9, "fields": {"client": 4, "furniture": 7, "quantity": 3, "order_date": "2025-02-06", "delivery_date": "2025-09-01"}}, {"model": "main.order", "pk": 10, "fields": {"client": 5, "furniture": 8, "quantity": 5, "order_date": "2024-01-31", "delivery_date": "2024-07-04"}}, {"model": "main.order", "pk": 11, "fields": {"client": 6, "furniture": 9, "quantity": 2, "order_date": "2026-02-11", "delivery_date": "2026-06-06"}}, {"model": "main.order", "pk": 12, "fields": {"client": 7, "furniture": 10, "quantity": 4, "order_date": "2025-03-10", "delivery_date": "2025-07-14"}}, {"model": "main.order", "pk": 13, "fields": {"client": 8, "furniture": 1, "quantity": 6, "order_date": "2026-06-01", "delivery_date": "2026-09-01"}}, {"model": "main.order", "pk": 14, "fields": {"client": 9, "furniture": 2, "quantity": 3, "order_date": "2026-06-03", "delivery_date": "2026-09-03"}}, {"model": "main.order", "pk": 15, "fields": {"client": 10, "furniture": 3, "quantity": 7, "order_date": "2026-06-05", "delivery_date": "2026-09-05"}}, {"model": "main.order", "pk": 16, "fields": {"client": 1, "furniture": 6, "quantity": 2, "order_date": "2026-06-07", "delivery_date": "2026-10-19"}}, {"model": "main.news", "pk": 1, "fields": {"title": "New design - Boompala!", "short_content": "Boompala is last work of the most famous desingner in the world.", "image": "news_images/news_image_3.jpg", "created_date": "2026-05-27"}}, {"model": "main.news", "pk": 2, "fields": {"title": "They are gonna dissapear!", "short_content": "There are just several models of out favorite design!", "image": "news_images/news_image_2.jpg", "created_date": "2026-05-27"}}, {"model": "main.news", "pk": 3, "fields": {"title": "Do you want it?", "short_content": "We are thinking about recreating our past designs. Write us which favorite were for you!", "image": "news_images/news_image_1.jpg", "created_date": "2026-05-27"}}, {"model": "main.news", "pk": 4, "fields": {"title": "New Collection: Scandinavian Comfort", "short_content": "Discover our latest line of cozy sofas and armchairs inspired by Nordic design.", "image": "news_images/news_image_3_MVodlMB_YxQMRoI_2QfsuFI.jpg", "created_date": "2026-06-07"}}, {"model": "main.news", "pk": 5, "fields": {"title": "Eco-friendly Materials Now in Production", "short_content": "We are proud to introduce recycled wood and non-toxic finishes.", "image": "news_images/news_image_2_fi84oW9.jpg", "created_date": "2026-06-07"}}, {"model": "main.news", "pk": 6, "fields": {"title": "Seasonal Sale Up to 30% off!", "short_content": "Limited time offer on selected bedroom sets.", "image": "news_images/news_image_1_HEIJRWw.jpg", "created_date": "2026-06-07"}}, {"model": "main.news", "pk": 7, "fields": {"title": "We've Moved to a Larger Showroom", "short_content": "Visit our new location at 456 Furniture Ave, Minsk.", "image": "news_images/news_image_3_MVodlMB_YxQMRoI.jpg", "created_date": "2026-06-07"}}, {"model": "main.news", "pk": 8, "fields": {"title": "Interview with Our Head Designer", "short_content": "Read about the creative process behind our bestsellers.", "image": "news_images/news_image_1_ftuSBxZ.jpg", "created_date": "2026-06-07"}}, {"model": "main.news", "pk": 9, "fields": {"title": "Free Delivery on Orders Over $500", "short_content": "Enjoy free shipping within Minsk until the end of the month.", "image": "news_images/news_image_3_MVodlMB.jpg", "created_date": "2026-06-07"}}, {"model": "main.news", "pk": 10, "fields": {"title": "Workshop for DIY Enthusiasts", "short_content": "Learn how to restore old furniture. Register now!", "image": "news_images/news_image_2_5R5CR1N.jpg", "created_date": "2026-06-07"}}, {"model": "main.vacancy", "pk": 1, "fields": {"title": "Designer", "description": "Do that, those, these to create something FANTASTIC!", "salary": "1500.00", "location": "Minsk, Belarus", "created_date": "2026-05-27", "is_active": true}}, {"model": "main.vacancy", "pk": 2, "fields": {"title": "Cleaner", "description": "Person that makes people enjoy their working space.", "salary": "1000.00", "location": "Minsk, Belarus", "created_date": "2026-05-27", "is_active": true}}, {"model": "main.vacancy", "pk": 3, "fields": {"title": "Furniture Designer", "description": "Someone who will imagine new design for out furniture.", "salary": "1700.00", "location": "Minsk, Belarus", "created_date": "2026-05-27", "is_active": true}}, {"model": "main.vacancy", "pk": 4, "fields": {"title": "Warehouse Manager", "description": "Oversee inventory and logistics.", "salary": "1400.00", "location": "Minsk, Belarus", "created_date": "2026-06-07", "is_active": true}}, {"model": "main.vacancy", "pk": 5, "fields": {"title": "Sales Consultant", "description": "Assist customers in showroom.", "salary": "1200.00", "location": "Minsk, Belarus", "created_date": "2026-06-07", "is_active": true}}, {"model": "main.vacancy", "pk": 6, "fields": {"title": "Assembler", "description": "Assemble furniture for delivery.", "salary": "1100.00", "location": "Minsk, Belarus", "created_date": "2026-06-07", "is_active": true}}, {"model": "main.vacancy", "pk": 7, "fields": {"title": "Graphic Designer", "description": "Create promotional materials.", "salary": "1300.00", "location": "Remote", "created_date": "2026-06-07", "is_active": true}}, {"model": "main.vacancy", "pk": 8, "fields": {"title": "Procurement Specialist", "description": "Source materials and negotiate with suppliers.", "salary": "1250.00", "location": "Minsk, Belarus", "created_date": "2026-06-07", "is_active": true}}, {"model": "main.vacancy", "pk": 9, "fields": {"title": "IT Support", "description": "Maintain internal systems and website.", "salary": "1150.00", "location": "Minsk, Belarus", "created_date": "2026-06-07", "is_active": true}}, {"model": "main.vacancy", "pk": 10, "fields": {"title": "Marketing Assistant", "description": "Manage social media and campaigns.", "salary": "1100.00", "location": "Minsk, Belarus", "created_date": "2026-06-07", "is_active": true}}, {"model": "main.promocode", "pk": 1, "fields": {"code": "Summer2024", "discount": "0.23", "description": "Hoooooray, summer sales!!!", "valid_from": "2024-07-01", "valid_to": "2024-08-01", "is_active": false, "created_date": "2026-05-27"}}, {"model": "main.promocode", "pk": 2, "fields": {"code": "DISCOUNT10", "discount": "0.10", "description": "Happy sales!", "valid_from": "2026-02-03", "valid_to": "2026-02-11", "is_active": false, "created_date": "2026-05-27"}}, {"model": "main.promocode", "pk": 3, "fields": {"code": "PRESUMMER2026", "discount": "0.15", "description": "Are you ready to this summer?", "valid_from": "2026-05-20", "valid_to": "2026-06-24", "is_active": true, "created_date": "2026-05-27"}}, {"model": "main.promocode", "pk": 4, "fields": {"code": "WELCOME10", "discount": "0.10", "description": "10% off for new customers", "valid_from": "2026-01-01", "valid_to": "2026-12-31", "is_active": true, "created_date": "2026-06-07"}}, {"model": "main.promocode", "pk": 5, "fields": {"code": "SPRING5", "discount": "0.05", "description": "Spring discount", "valid_from": "2026-03-01", "valid_to": "2026-05-31", "is_active": false, "created_date": "2026-06-07"}}, {"model": "main.promocode", "pk": 6, "fields": {"code": "FURNITURE20", "discount": "0.20", "description": "20% off on orders >$300", "valid_from": "2026-06-10", "valid_to": "2026-07-10", "is_active": true, "created_date": "2026-06-07"}}, {"model": "main.promocode", "pk": 7, "fields": {"code": "BEDROOM15", "discount": "0.15", "description": "15% off on bedroom furniture", "valid_from": "2026-07-01", "valid_to": "2026-08-31", "is_active": true, "created_date": "2026-06-07"}}, {"model": "main.promocode", "pk": 8, "fields": {"code": "OFFICE12", "discount": "0.12", "description": "12% off on office furniture", "valid_from": "2026-08-15", "valid_to": "2026-09-15", "is_active": true, "created_date": "2026-06-07"}}, {"model": "main.promocode", "pk": 9, "fields": {"code": "LOYALTY25", "discount": "0.25", "description": "25% off for returning customers", "valid_from": "2026-09-01", "valid_to": "2026-10-01", "is_active": true, "created_date": "2026-06-07"}}, {"model": "main.promocode", "pk": 10, "fields": {"code": "CLEARANCE30", "discount": "0.30", "description": "30% off on selected items", "valid_from": "2026-10-10", "valid_to": "2026-11-10", "is_active": true, "created_date": "2026-06-07"}}, {"model": "main.review", "pk": 3, "fields": {"name": "bebe", "text": "bebe", "rating": 2, "created_at": "2026-06-06T20:43:54.845Z"}}, {"model": "main.review", "pk": 4, "fields": {"name": "Anna", "text": "The table arrived earlier than expected. Great quality!", "rating": 5, "created_at": "2026-06-07T11:54:32.859Z"}}, {"model": "main.review", "pk": 5, "fields": {"name": "Max", "text": "Bed is comfortable but assembly instructions were confusing.", "rating": 4, "created_at": "2026-06-07T11:54:32.864Z"}}, {"model": "main.review", "pk": 6, "fields": {"name": "Elena", "text": "Very poor customer service. The sofa had a defect.", "rating": 2, "created_at": "2026-06-07T11:54:32.868Z"}}, {"model": "main.review", "pk": 7, "fields": {"name": "Ivan", "text": "Excellent value for money. Will order again.", "rating": 5, "created_at": "2026-06-07T11:54:32.872Z"}}, {"model": "main.review", "pk": 8, "fields": {"name": "Olga", "text": "Delivery was late, but the product is nice.", "rating": 3, "created_at": "2026-06-07T11:54:32.876Z"}}, {"model": "main.review", "pk": 9, "fields": {"name": "Sergey", "text": "Amazing design! Fits perfectly in my loft apartment.", "rating": 5, "created_at": "2026-06-07T11:54:32.882Z"}}, {"model": "main.review", "pk": 10, "fields": {"name": "Daria", "text": "The cabinet was scratched. I requested a replacement.", "rating": 2, "created_at": "2026-06-07T11:54:32.885Z"}}, {"model": "main.review", "pk": 11, "fields": {"name": "Pavel", "text": "Good quality, but a bit overpriced.", "rating": 3, "created_at": "2026-06-07T11:54:32.890Z"}}, {"model": "main.review", "pk": 12, "fields": {"name": "Natalia", "text": "Very happy with my purchase. Smooth transaction.", "rating": 5, "created_at": "2026-06-07T11:54:32.893Z"}}, {"model": "main.companyinfo", "pk": 1, "fields": {"name": "Furniture Factory", "founded_year": 2010, "description": "Furniture Factory has been a leading manufacturer of high-quality furniture for over a decade.", "mission": "To create beautiful, functional, and sustainable furniture that enhances living and working spaces.", "values": [{"title": "Quality", "description": "We use only the finest materials and craftsmanship."}, {"title": "Innovation", "description": "We constantly improve our designs and production methods."}, {"title": "Sustainability", "description": "We are committed to environmentally responsible practices."}, {"title": "Customer Satisfaction", "description": "Your happiness is our priority."}], "address": "123 Furniture Street, Minsk, Belarus", "phone": "+375 (29) 123-45-67", "email": "info@furniturefactory.by", "working_hours": "Monday - Friday: 9:00 AM - 6:00 PM\r\nSaturday: 10:00 AM - 4:00 PM\r\nSunday: Closed", "products_info": "We manufacture a wide range of furniture including kitchen, office, and cabinet furniture. Each piece is designed with attention to detail and built to last."}}, {"model": "main.faq", "pk": 1, "fields": {"question": "How are you?", "answer": "I'm fine, and you?", "added_date": "2026-06-06", "is_published": true, "order": 0}}, {"model": "main.faq", "pk": 2, "fields": {"question": "How i should understand?", "answer": "I don't know", "added_date": "2026-06-06", "is_published": true, "order": 0}}, {"model": "main.faq", "pk": 3, "fields": {"question": "Is that normal?", "answer": "I think so", "added_date": "2026-06-06", "is_published": true, "order": 0}}, {"model": "main.faq", "pk": 4, "fields": {"question": "What is the estimated delivery time?", "answer": "Delivery usually takes 5–7 business days after order confirmation.", "added_date": "2026-06-07", "is_published": true, "order": 0}}, {"model": "main.faq", "pk": 5, "fields": {"question": "Do you offer assembly service?", "answer": "Yes, you can add assembly for $30 per item during checkout.", "added_date": "2026-06-07", "is_published": true, "order": 0}}, {"model": "main.faq", "pk": 6, "fields": {"question": "What is your return policy?", "answer": "You may return unused items within 14 days for a full refund.", "added_date": "2026-06-07", "is_published": true, "order": 0}}, {"model": "main.faq", "pk": 7, "fields": {"question": "Can I change my delivery address after ordering?", "answer": "Please contact support within 2 hours of placing the order.", "added_date": "2026-06-07", "is_published": true, "order": 0}}, {"model": "main.faq", "pk": 8, "fields": {"question": "Do you ship internationally?", "answer": "Currently we only ship within Belarus.", "added_date": "2026-06-07", "is_published": true, "order": 0}}, {"model": "main.faq", "pk": 9, "fields": {"question": "How can I track my order?", "answer": "A tracking link will be sent to your email once the order is dispatched.", "added_date": "2026-06-07", "is_published": true, "order": 0}}, {"model": "main.faq", "pk": 10, "fields": {"question": "Are your products eco-friendly?", "answer": "We use FSC-certified wood and water-based finishes.", "added_date": "2026-06-07", "is_published": true, "order": 0}}]