[{"model": "admin.logentry", "pk": 1, "fields": {"action_time": "2026-05-25T21:11:38.324Z", "user": 1, "content_type": 11, "object_id": "1", "object_repr": "Table", "action_flag": 1, "change_message": "[{\"added\": {}}]"}}, {"model": "admin.logentry", "pk": 2, "fields": {"action_time": "2026-05-25T21:11:52.553Z", "user": 1, "content_type": 9, "object_id": "1", "object_repr": "Modern", "action_flag": 1, "change_message": "[{\"added\": {}}]"}}, {"model": "admin.logentry", "pk": 3, "fields": {"action_time": "2026-05-25T21:12:26.871Z", "user": 1, "content_type": 9, "object_id": "1", "object_repr": "Modern", "action_flag": 2, "change_message": "[]"}}, {"model": "admin.logentry", "pk": 4, "fields": {"action_time": "2026-05-25T21:12:37.055Z", "user": 1, "content_type": 7, "object_id": "1", "object_repr": "Beauty table for cool girls", "action_flag": 1, "change_message": "[{\"added\": {}}]"}}, {"model": "admin.logentry", "pk": 5, "fields": {"action_time": "2026-05-25T21:16:53.921Z", "user": 1, "content_type": 11, "object_id": "2", "object_repr": "Bed", "action_flag": 1, "change_message": "[{\"added\": {}}]"}}, {"model": "admin.logentry", "pk": 6, "fields": {"action_time": "2026-05-25T21:17:17.629Z", "user": 1, "content_type": 11, "object_id": "3", "object_repr": "Closet", "action_flag": 1, "change_message": "[{\"added\": {}}]"}}, {"model": "admin.logentry", "pk": 7, "fields": {"action_time": "2026-05-25T21:17:42.379Z", "user": 1, "content_type": 9, "object_id": "2", "object_repr": "Loft", "action_flag": 1, "change_message": "[{\"added\": {}}]"}}, {"model": "admin.logentry", "pk": 8, "fields": {"action_time": "2026-05-25T21:17:50.101Z", "user": 1, "content_type": 9, "object_id": "3", "object_repr": "Vangard", "action_flag": 1, "change_message": "[{\"added\": {}}]"}}, {"model": "admin.logentry", "pk": 9, "fields": {"action_time": "2026-05-25T21:18:57.666Z", "user": 1, "content_type": 7, "object_id": "2", "object_repr": "Huge closer for serious guys", "action_flag": 1, "change_message": "[{\"added\": {}}]"}}, {"model": "admin.logentry", "pk": 10, "fields": {"action_time": "2026-05-25T21:21:26.694Z", "user": 1, "content_type": 7, "object_id": "3", "object_repr": "Stylish bed for everyone", "action_flag": 1, "change_message": "[{\"added\": {}}]"}}, {"model": "admin.logentry", "pk": 11, "fields": {"action_time": "2026-05-25T21:27:14.325Z", "user": 1, "content_type": 10, "object_id": "1", "object_repr": "Cool Furniture Company", "action_flag": 1, "change_message": "[{\"added\": {}}]"}}, {"model": "admin.logentry", "pk": 12, "fields": {"action_time": "2026-05-25T21:28:55.309Z", "user": 1, "content_type": 10, "object_id": "2", "object_repr": "Nice House Label", "action_flag": 1, "change_message": "[{\"added\": {}}]"}}, {"model": "admin.logentry", "pk": 13, "fields": {"action_time": "2026-05-25T21:29:15.272Z", "user": 1, "content_type": 10, "object_id": "2", "object_repr": "Nice House Label", "action_flag": 3, "change_message": ""}}, {"model": "admin.logentry", "pk": 14, "fields": {"action_time": "2026-05-25T21:37:58.399Z", "user": 1, "content_type": 10, "object_id": "2", "object_repr": "Nice Guys Label", "action_flag": 1, "change_message": "[{\"added\": {}}]"}}, {"model": "admin.logentry", "pk": 15, "fields": {"action_time": "2026-05-25T21:40:33.240Z", "user": 1, "content_type": 10, "object_id": "3", "object_repr": "Careful Mommas Store", "action_flag": 1, "change_message": "[{\"added\": {}}]"}}, {"model": "admin.logentry", "pk": 16, "fields": {"action_time": "2026-05-25T21:42:04.336Z", "user": 1, "content_type": 8, "object_id": "1", "object_repr": "Cuty Mike - Manager", "action_flag": 1, "change_message": "[{\"added\": {}}]"}}, {"model": "admin.logentry", "pk": 17, "fields": {"action_time": "2026-05-25T21:43:55.051Z", "user": 1, "content_type": 8, "object_id": "2", "object_repr": "Sweaty Sara - Director", "action_flag": 1, "change_message": "[{\"added\": {}}]"}}, {"model": "admin.logentry", "pk": 18, "fields": {"action_time": "2026-05-25T21:45:42.141Z", "user": 1, "content_type": 8, "object_id": "3", "object_repr": "Jackson Michael - SMM", "action_flag": 1, "change_message": "[{\"added\": {}}]"}}, {"model": "admin.logentry", "pk": 19, "fields": {"action_time": "2026-05-25T21:46:30.667Z", "user": 1, "content_type": 12, "object_id": "1", "object_repr": "Order #1 - Cool Furniture Company - Beauty table for cool girls (11 pcs)", "action_flag": 1, "change_message": "[{\"added\": {}}]"}}, {"model": "admin.logentry", "pk": 20, "fields": {"action_time": "2026-05-25T21:47:19.376Z", "user": 1, "content_type": 12, "object_id": "2", "object_repr": "Order #2 - Nice Guys Label - Huge closer for serious guys (16 pcs)", "action_flag": 1, "change_message": "[{\"added\": {}}]"}}, {"model": "admin.logentry", "pk": 21, "fields": {"action_time": "2026-05-25T21:47:40.083Z", "user": 1, "content_type": 12, "object_id": "3", "object_repr": "Order #3 - Careful Mommas Store - Stylish bed for everyone (5 pcs)", "action_flag": 1, "change_message": "[{\"added\": {}}]"}}, {"model": "admin.logentry", "pk": 22, "fields": {"action_time": "2026-05-26T17:52:10.156Z", "user": 1, "content_type": 10, "object_id": "3", "object_repr": "Careful Mommas Store", "action_flag": 2, "change_message": "[{\"changed\": {\"fields\": [\"Phone\"]}}]"}}, {"model": "admin.logentry", "pk": 23, "fields": {"action_time": "2026-05-26T17:52:23.235Z", "user": 1, "content_type": 10, "object_id": "1", "object_repr": "Cool Furniture Company", "action_flag": 2, "change_message": "[{\"changed\": {\"fields\": [\"Phone\"]}}]"}}, {"model": "admin.logentry", "pk": 24, "fields": {"action_time": "2026-05-26T17:52:40.264Z", "user": 1, "content_type": 10, "object_id": "2", "object_repr": "Nice Guys Label", "action_flag": 2, "change_message": "[{\"changed\": {\"fields\": [\"Phone\"]}}]"}}, {"model": "admin.logentry", "pk": 25, "fields": {"action_time": "2026-05-26T17:53:02.661Z", "user": 1, "content_type": 8, "object_id": "1", "object_repr": "Cuty Mike - Manager", "action_flag": 2, "change_message": "[{\"changed\": {\"fields\": [\"Phone\"]}}]"}}, {"model": "admin.logentry", "pk": 26, "fields": {"action_time": "2026-05-26T17:53:16.878Z", "user": 1, "content_type": 8, "object_id": "3", "object_repr": "Jackson Michael - SMM", "action_flag": 2, "change_message": "[{\"changed\": {\"fields\": [\"Phone\"]}}]"}}, {"model": "admin.logentry", "pk": 27, "fields": {"action_time": "2026-05-26T17:53:34.299Z", "user": 1, "content_type": 8, "object_id": "2", "object_repr": "Sweaty Sara - Director", "action_flag": 2, "change_message": "[{\"changed\": {\"fields\": [\"Phone\"]}}]"}}, {"model": "admin.logentry", "pk": 28, "fields": {"action_time": "2026-05-26T18:14:41.424Z", "user": 1, "content_type": 10, "object_id": "3", "object_repr": "Good Mommas", "action_flag": 2, "change_message": "[{\"changed\": {\"fields\": [\"Company name\", \"Responsible Person\", \"Address\"]}}]"}}, {"model": "admin.logentry", "pk": 29, "fields": {"action_time": "2026-05-26T18:15:07.998Z", "user": 1, "content_type": 10, "object_id": "2", "object_repr": "Cool Guys Label", "action_flag": 2, "change_message": "[{\"changed\": {\"fields\": [\"Company name\", \"Responsible Person\"]}}]"}}, {"model": "admin.logentry", "pk": 30, "fields": {"action_time": "2026-05-26T18:15:41.830Z", "user": 1, "content_type": 10, "object_id": "1", "object_repr": "Baddies Company", "action_flag": 2, "change_message": "[{\"changed\": {\"fields\": [\"Company name\", \"Responsible Person\"]}}]"}}, {"model": "admin.logentry", "pk": 31, "fields": {"action_time": "2026-05-26T18:24:08.685Z", "user": 1, "content_type": 8, "object_id": "1", "object_repr": "Cuty Mike - storekeeper", "action_flag": 2, "change_message": "[{\"changed\": {\"fields\": [\"Position\"]}}]"}}, {"model": "admin.logentry", "pk": 32, "fields": {"action_time": "2026-05-26T18:24:14.006Z", "user": 1, "content_type": 8, "object_id": "3", "object_repr": "Jackson Michael - smm", "action_flag": 2, "change_message": "[{\"changed\": {\"fields\": [\"Position\"]}}]"}}, {"model": "admin.logentry", "pk": 33, "fields": {"action_time": "2026-05-26T18:24:18.717Z", "user": 1, "content_type": 8, "object_id": "2", "object_repr": "Sweaty Sara - director", "action_flag": 2, "change_message": "[{\"changed\": {\"fields\": [\"Position\"]}}]"}}, {"model": "admin.logentry", "pk": 34, "fields": {"action_time": "2026-05-26T23:40:13.869Z", "user": 1, "content_type": 13, "object_id": "1", "object_repr": "New design - Boompala!", "action_flag": 1, "change_message": "[{\"added\": {}}]"}}, {"model": "admin.logentry", "pk": 35, "fields": {"action_time": "2026-05-26T23:42:12.923Z", "user": 1, "content_type": 13, "object_id": "2", "object_repr": "They are gonna dissapear!", "action_flag": 1, "change_message": "[{\"added\": {}}]"}}, {"model": "admin.logentry", "pk": 36, "fields": {"action_time": "2026-05-26T23:43:46.920Z", "user": 1, "content_type": 13, "object_id": "3", "object_repr": "Do you want it?", "action_flag": 1, "change_message": "[{\"added\": {}}]"}}, {"model": "admin.logentry", "pk": 37, "fields": {"action_time": "2026-05-27T00:04:04.898Z", "user": 1, "content_type": 14, "object_id": "1", "object_repr": "MDF(Medium-Density Fiberboard)", "action_flag": 1, "change_message": "[{\"added\": {}}]"}}, {"model": "admin.logentry", "pk": 38, "fields": {"action_time": "2026-05-27T00:05:07.945Z", "user": 1, "content_type": 14, "object_id": "2", "object_repr": "Laminate", "action_flag": 1, "change_message": "[{\"added\": {}}]"}}, {"model": "admin.logentry", "pk": 39, "fields": {"action_time": "2026-05-27T00:06:17.087Z", "user": 1, "content_type": 14, "object_id": "3", "object_repr": "Solid Wood", "action_flag": 1, "change_message": "[{\"added\": {}}]"}}, {"model": "admin.logentry", "pk": 40, "fields": {"action_time": "2026-05-27T00:24:54.106Z", "user": 1, "content_type": 15, "object_id": "1", "object_repr": "Storekeeper ($1000)", "action_flag": 1, "change_message": "[{\"added\": {}}]"}}, {"model": "admin.logentry", "pk": 41, "fields": {"action_time": "2026-05-27T00:25:09.256Z", "user": 1, "content_type": 15, "object_id": "2", "object_repr": "Director ($3000)", "action_flag": 1, "change_message": "[{\"added\": {}}]"}}, {"model": "admin.logentry", "pk": 42, "fields": {"action_time": "2026-05-27T00:25:21.796Z", "user": 1, "content_type": 15, "object_id": "3", "object_repr": "SMM ($1200)", "action_flag": 1, "change_message": "[{\"added\": {}}]"}}, {"model": "admin.logentry", "pk": 43, "fields": {"action_time": "2026-05-27T00:25:37.329Z", "user": 1, "content_type": 15, "object_id": "4", "object_repr": "Manager ($1500)", "action_flag": 1, "change_message": "[{\"added\": {}}]"}}, {"model": "admin.logentry", "pk": 44, "fields": {"action_time": "2026-05-27T00:25:54.739Z", "user": 1, "content_type": 15, "object_id": "5", "object_repr": "Carpetner ($1300)", "action_flag": 1, "change_message": "[{\"added\": {}}]"}}, {"model": "admin.logentry", "pk": 45, "fields": {"action_time": "2026-05-27T00:31:46.075Z", "user": 1, "content_type": 8, "object_id": "1", "object_repr": "Kim Rose - Director ($3000.00)", "action_flag": 1, "change_message": "[{\"added\": {}}]"}}, {"model": "admin.logentry", "pk": 46, "fields": {"action_time": "2026-05-27T00:32:36.112Z", "user": 1, "content_type": 8, "object_id": "2", "object_repr": "Bieber Justin - SMM ($1200.00)", "action_flag": 1, "change_message": "[{\"added\": {}}]"}}, {"model": "admin.logentry", "pk": 47, "fields": {"action_time": "2026-05-27T00:33:24.729Z", "user": 1, "content_type": 8, "object_id": "3", "object_repr": "Bieber Hailey - Manager ($1500.00)", "action_flag": 1, "change_message": "[{\"added\": {}}]"}}, {"model": "admin.logentry", "pk": 48, "fields": {"action_time": "2026-05-27T08:29:26.252Z", "user": 1, "content_type": 8, "object_id": "1", "object_repr": "Kim Rose - Director ($3000.00)", "action_flag": 2, "change_message": "[{\"changed\": {\"fields\": [\"Photo\"]}}]"}}, {"model": "admin.logentry", "pk": 49, "fields": {"action_time": "2026-05-27T08:41:58.936Z", "user": 1, "content_type": 16, "object_id": "1", "object_repr": "Designer", "action_flag": 1, "change_message": "[{\"added\": {}}]"}}, {"model": "admin.logentry", "pk": 50, "fields": {"action_time": "2026-05-27T08:43:19.027Z", "user": 1, "content_type": 16, "object_id": "2", "object_repr": "Cleaner", "action_flag": 1, "change_message": "[{\"added\": {}}]"}}, {"model": "admin.logentry", "pk": 51, "fields": {"action_time": "2026-05-27T08:44:27.926Z", "user": 1, "content_type": 16, "object_id": "3", "object_repr": "Furniture Designer", "action_flag": 1, "change_message": "[{\"added\": {}}]"}}, {"model": "admin.logentry", "pk": 52, "fields": {"action_time": "2026-05-27T08:58:50.421Z", "user": 1, "content_type": 17, "object_id": "1", "object_repr": "Summer2024 - 0.23%", "action_flag": 1, "change_message": "[{\"added\": {}}]"}}, {"model": "admin.logentry", "pk": 53, "fields": {"action_time": "2026-05-27T08:59:44.459Z", "user": 1, "content_type": 17, "object_id": "2", "object_repr": "DISCOUNT10 - 0.1%", "action_flag": 1, "change_message": "[{\"added\": {}}]"}}, {"model": "admin.logentry", "pk": 54, "fields": {"action_time": "2026-05-27T09:00:49.929Z", "user": 1, "content_type": 17, "object_id": "3", "object_repr": "PRESUMMER2026 - 0.15%", "action_flag": 1, "change_message": "[{\"added\": {}}]"}}, {"model": "admin.logentry", "pk": 55, "fields": {"action_time": "2026-05-27T18:56:17.575Z", "user": 1, "content_type": 3, "object_id": "1", "object_repr": "Client", "action_flag": 1, "change_message": "[{\"added\": {}}]"}}, {"model": "admin.logentry", "pk": 56, "fields": {"action_time": "2026-05-27T18:58:11.062Z", "user": 1, "content_type": 3, "object_id": "2", "object_repr": "Employee", "action_flag": 1, "change_message": "[{\"added\": {}}]"}}, {"model": "admin.logentry", "pk": 57, "fields": {"action_time": "2026-05-27T18:59:43.806Z", "user": 1, "content_type": 3, "object_id": "1", "object_repr": "Client", "action_flag": 2, "change_message": "[{\"changed\": {\"fields\": [\"Permissions\"]}}]"}}, {"model": "admin.logentry", "pk": 58, "fields": {"action_time": "2026-05-27T19:01:56.303Z", "user": 1, "content_type": 4, "object_id": "2", "object_repr": "Someone", "action_flag": 1, "change_message": "[{\"added\": {}}]"}}, {"model": "admin.logentry", "pk": 59, "fields": {"action_time": "2026-05-27T19:02:31.592Z", "user": 1, "content_type": 4, "object_id": "2", "object_repr": "Someone", "action_flag": 2, "change_message": "[{\"changed\": {\"fields\": [\"Groups\"]}}]"}}, {"model": "admin.logentry", "pk": 60, "fields": {"action_time": "2026-05-27T21:37:13.331Z", "user": 1, "content_type": 10, "object_id": "1", "object_repr": "Baddies Company", "action_flag": 2, "change_message": "[]"}}, {"model": "admin.logentry", "pk": 61, "fields": {"action_time": "2026-05-27T21:39:36.969Z", "user": 1, "content_type": 4, "object_id": "2", "object_repr": "Someone", "action_flag": 2, "change_message": "[{\"changed\": {\"fields\": [\"password\"]}}]"}}, {"model": "admin.logentry", "pk": 62, "fields": {"action_time": "2026-05-27T21:40:21.671Z", "user": 1, "content_type": 4, "object_id": "2", "object_repr": "baddiest_company", "action_flag": 2, "change_message": "[{\"changed\": {\"fields\": [\"Username\"]}}]"}}, {"model": "admin.logentry", "pk": 63, "fields": {"action_time": "2026-05-27T21:40:53.033Z", "user": 1, "content_type": 4, "object_id": "3", "object_repr": "cool_guys", "action_flag": 1, "change_message": "[{\"added\": {}}]"}}, {"model": "admin.logentry", "pk": 64, "fields": {"action_time": "2026-05-27T21:41:19.536Z", "user": 1, "content_type": 4, "object_id": "3", "object_repr": "cool_guys", "action_flag": 2, "change_message": "[{\"changed\": {\"fields\": [\"Groups\"]}}]"}}, {"model": "admin.logentry", "pk": 65, "fields": {"action_time": "2026-05-27T21:42:24.753Z", "user": 1, "content_type": 4, "object_id": "4", "object_repr": "good_mommas", "action_flag": 1, "change_message": "[{\"added\": {}}]"}}, {"model": "admin.logentry", "pk": 66, "fields": {"action_time": "2026-05-27T21:42:31.905Z", "user": 1, "content_type": 4, "object_id": "4", "object_repr": "good_mommas", "action_flag": 2, "change_message": "[{\"changed\": {\"fields\": [\"Groups\"]}}]"}}, {"model": "admin.logentry", "pk": 67, "fields": {"action_time": "2026-05-27T21:45:26.262Z", "user": 1, "content_type": 4, "object_id": "5", "object_repr": "rose_kim", "action_flag": 1, "change_message": "[{\"added\": {}}]"}}, {"model": "admin.logentry", "pk": 68, "fields": {"action_time": "2026-05-27T21:45:45.453Z", "user": 1, "content_type": 4, "object_id": "5", "object_repr": "rose_kim", "action_flag": 2, "change_message": "[{\"changed\": {\"fields\": [\"Groups\"]}}]"}}, {"model": "admin.logentry", "pk": 69, "fields": {"action_time": "2026-05-27T21:46:24.575Z", "user": 1, "content_type": 4, "object_id": "6", "object_repr": "justin_bieber", "action_flag": 1, "change_message": "[{\"added\": {}}]"}}, {"model": "admin.logentry", "pk": 70, "fields": {"action_time": "2026-05-27T21:46:34.146Z", "user": 1, "content_type": 4, "object_id": "6", "object_repr": "justin_bieber", "action_flag": 2, "change_message": "[{\"changed\": {\"fields\": [\"Groups\"]}}]"}}, {"model": "admin.logentry", "pk": 71, "fields": {"action_time": "2026-05-27T21:46:58.295Z", "user": 1, "content_type": 4, "object_id": "7", "object_repr": "hailey_bieber", "action_flag": 1, "change_message": "[{\"added\": {}}]"}}, {"model": "admin.logentry", "pk": 72, "fields": {"action_time": "2026-05-27T21:47:04.704Z", "user": 1, "content_type": 4, "object_id": "7", "object_repr": "hailey_bieber", "action_flag": 2, "change_message": "[{\"changed\": {\"fields\": [\"Groups\"]}}]"}}, {"model": "admin.logentry", "pk": 73, "fields": {"action_time": "2026-05-27T21:47:47.163Z", "user": 1, "content_type": 10, "object_id": "1", "object_repr": "Baddies Company", "action_flag": 2, "change_message": "[{\"changed\": {\"fields\": [\"User account\"]}}]"}}, {"model": "admin.logentry", "pk": 74, "fields": {"action_time": "2026-05-27T21:48:04.778Z", "user": 1, "content_type": 10, "object_id": "2", "object_repr": "Cool Guys Label", "action_flag": 2, "change_message": "[{\"changed\": {\"fields\": [\"User account\"]}}]"}}, {"model": "admin.logentry", "pk": 75, "fields": {"action_time": "2026-05-27T21:48:10.890Z", "user": 1, "content_type": 10, "object_id": "3", "object_repr": "Good Mommas", "action_flag": 2, "change_message": "[{\"changed\": {\"fields\": [\"User account\"]}}]"}}, {"model": "admin.logentry", "pk": 76, "fields": {"action_time": "2026-05-27T22:05:40.749Z", "user": 1, "content_type": 8, "object_id": "3", "object_repr": "Bieber Hailey - Manager ($1500.00)", "action_flag": 2, "change_message": "[{\"changed\": {\"fields\": [\"User account\"]}}]"}}, {"model": "admin.logentry", "pk": 77, "fields": {"action_time": "2026-05-27T22:05:49.502Z", "user": 1, "content_type": 8, "object_id": "2", "object_repr": "Bieber Justin - SMM ($1200.00)", "action_flag": 2, "change_message": "[{\"changed\": {\"fields\": [\"User account\"]}}]"}}, {"model": "admin.logentry", "pk": 78, "fields": {"action_time": "2026-05-27T22:05:56.620Z", "user": 1, "content_type": 8, "object_id": "1", "object_repr": "Kim Rose - Director ($3000.00)", "action_flag": 2, "change_message": "[{\"changed\": {\"fields\": [\"User account\"]}}]"}}, {"model": "admin.logentry", "pk": 79, "fields": {"action_time": "2026-05-27T22:24:45.669Z", "user": 1, "content_type": 12, "object_id": "2", "object_repr": "Order #2 - Cool Guys Label - Huge closer for serious guys (6 pcs)", "action_flag": 2, "change_message": "[{\"changed\": {\"fields\": [\"Quantity\"]}}]"}}, {"model": "admin.logentry", "pk": 80, "fields": {"action_time": "2026-05-27T22:24:52.982Z", "user": 1, "content_type": 12, "object_id": "2", "object_repr": "Order #2 - Cool Guys Label - Huge closer for serious guys (6 pcs)", "action_flag": 2, "change_message": "[]"}}, {"model": "admin.logentry", "pk": 81, "fields": {"action_time": "2026-05-27T22:25:09.225Z", "user": 1, "content_type": 7, "object_id": "2", "object_repr": "Huge closer for serious guys", "action_flag": 2, "change_message": "[{\"changed\": {\"fields\": [\"Price\"]}}]"}}, {"model": "admin.logentry", "pk": 82, "fields": {"action_time": "2026-05-27T23:33:06.526Z", "user": 1, "content_type": 12, "object_id": "3", "object_repr": "Order #3 - Good Mommas - Stylish bed for everyone (5 pcs)", "action_flag": 2, "change_message": "[]"}}, {"model": "admin.logentry", "pk": 83, "fields": {"action_time": "2026-05-27T23:48:18.707Z", "user": 1, "content_type": 12, "object_id": "3", "object_repr": "Order #3 - Good Mommas - Stylish bed for everyone (5 pcs)", "action_flag": 2, "change_message": "[{\"changed\": {\"fields\": [\"Order date\"]}}]"}}, {"model": "admin.logentry", "pk": 84, "fields": {"action_time": "2026-05-27T23:49:18.416Z", "user": 1, "content_type": 12, "object_id": "3", "object_repr": "Order #3 - Good Mommas - Stylish bed for everyone (5 pcs)", "action_flag": 2, "change_message": "[{\"changed\": {\"fields\": [\"Order date\"]}}]"}}, {"model": "admin.logentry", "pk": 85, "fields": {"action_time": "2026-05-28T15:03:53.733Z", "user": 1, "content_type": 11, "object_id": "3", "object_repr": "Kitchen", "action_flag": 2, "change_message": "[{\"changed\": {\"fields\": [\"Name\"]}}]"}}, {"model": "admin.logentry", "pk": 86, "fields": {"action_time": "2026-05-28T15:04:11.975Z", "user": 1, "content_type": 11, "object_id": "2", "object_repr": "Bedroom", "action_flag": 2, "change_message": "[{\"changed\": {\"fields\": [\"Name\"]}}]"}}, {"model": "admin.logentry", "pk": 87, "fields": {"action_time": "2026-05-28T15:04:23.187Z", "user": 1, "content_type": 11, "object_id": "1", "object_repr": "Office", "action_flag": 2, "change_message": "[{\"changed\": {\"fields\": [\"Name\"]}}]"}}, {"model": "admin.logentry", "pk": 88, "fields": {"action_time": "2026-05-28T15:05:21.014Z", "user": 1, "content_type": 11, "object_id": "4", "object_repr": "Cabinet", "action_flag": 1, "change_message": "[{\"added\": {}}]"}}, {"model": "admin.logentry", "pk": 89, "fields": {"action_time": "2026-05-28T15:06:27.017Z", "user": 1, "content_type": 12, "object_id": "2", "object_repr": "Order #2 - Cool Guys Label - Huge closer for serious guys (6 pcs)", "action_flag": 2, "change_message": "[{\"changed\": {\"fields\": [\"Order date\"]}}]"}}, {"model": "admin.logentry", "pk": 90, "fields": {"action_time": "2026-05-28T15:06:36.134Z", "user": 1, "content_type": 12, "object_id": "1", "object_repr": "Order #1 - Baddies Company - Beauty table for cool girls (11 pcs)", "action_flag": 2, "change_message": "[]"}}, {"model": "admin.logentry", "pk": 91, "fields": {"action_time": "2026-05-28T15:06:54.436Z", "user": 1, "content_type": 12, "object_id": "2", "object_repr": "Order #2 - Cool Guys Label - Huge closer for serious guys (6 pcs)", "action_flag": 2, "change_message": "[]"}}, {"model": "admin.logentry", "pk": 92, "fields": {"action_time": "2026-05-28T15:17:40.431Z", "user": 1, "content_type": 9, "object_id": "4", "object_repr": "Classic", "action_flag": 1, "change_message": "[{\"added\": {}}, {\"added\": {\"name\": \"furniture\", \"object\": \"Wooden table\"}}]"}}, {"model": "admin.logentry", "pk": 93, "fields": {"action_time": "2026-05-28T15:19:30.852Z", "user": 1, "content_type": 12, "object_id": "4", "object_repr": "Order #4 - Good Mommas - Wooden table (4 pcs)", "action_flag": 1, "change_message": "[{\"added\": {}}]"}}, {"model": "admin.logentry", "pk": 94, "fields": {"action_time": "2026-05-28T16:54:34.973Z", "user": 1, "content_type": 7, "object_id": "4", "object_repr": "Wooden table", "action_flag": 2, "change_message": "[{\"changed\": {\"fields\": [\"Type\"]}}]"}}, {"model": "admin.logentry", "pk": 95, "fields": {"action_time": "2026-05-28T16:54:43.033Z", "user": 1, "content_type": 7, "object_id": "4", "object_repr": "Wooden table", "action_flag": 2, "change_message": "[]"}}, {"model": "admin.logentry", "pk": 96, "fields": {"action_time": "2026-05-29T11:33:32.912Z", "user": 1, "content_type": 12, "object_id": "6", "object_repr": "Order #6 - Good Mommas - Beauty table for cool girls (1 pcs)", "action_flag": 3, "change_message": ""}}, {"model": "admin.logentry", "pk": 97, "fields": {"action_time": "2026-05-29T12:56:27.559Z", "user": 1, "content_type": 10, "object_id": "1", "object_repr": "Baddies Company", "action_flag": 2, "change_message": "[{\"changed\": {\"fields\": [\"Timezone\"]}}]"}}, {"model": "admin.logentry", "pk": 98, "fields": {"action_time": "2026-05-29T12:56:52.178Z", "user": 1, "content_type": 10, "object_id": "3", "object_repr": "Good Mommas", "action_flag": 2, "change_message": "[{\"changed\": {\"fields\": [\"Timezone\"]}}]"}}, {"model": "admin.logentry", "pk": 99, "fields": {"action_time": "2026-05-29T12:56:57.381Z", "user": 1, "content_type": 10, "object_id": "3", "object_repr": "Good Mommas", "action_flag": 2, "change_message": "[]"}}, {"model": "admin.logentry", "pk": 100, "fields": {"action_time": "2026-05-31T15:29:53.950Z", "user": 1, "content_type": 12, "object_id": "5", "object_repr": "Order #5 - Good Mommas - Wooden table (9 pcs)", "action_flag": 2, "change_message": "[]"}}, {"model": "auth.group", "pk": 1, "fields": {"name": "Client", "permissions": [45, 48, 68]}}, {"model": "auth.group", "pk": 2, "fields": {"name": "Employee", "permissions": [36, 48]}}, {"model": "auth.user", "pk": 1, "fields": {"password": "pbkdf2_sha256$1000000$kpT7xviV3GMoIoj742dV9j$20MtHjU/cFLA0UDhg540i8dfwSKPimj9ehsalxN0Opw=", "last_login": "2026-05-31T15:28:56.497Z", "is_superuser": true, "username": "maria", "first_name": "", "last_name": "", "email": "mariazhukovskaya00@mail.ru", "is_staff": true, "is_active": true, "date_joined": "2026-05-25T21:05:55.954Z", "groups": [], "user_permissions": []}}, {"model": "auth.user", "pk": 2, "fields": {"password": "pbkdf2_sha256$1000000$nYguSlKar116ZiRkW1AQML$WDNAAUG3nqtoqYCIHwK/skckPafZFbI5g0MJ8/Fnp5I=", "last_login": null, "is_superuser": false, "username": "baddiest_company", "first_name": "", "last_name": "", "email": "", "is_staff": false, "is_active": true, "date_joined": "2026-05-27T19:01:55Z", "groups": [1], "user_permissions": []}}, {"model": "auth.user", "pk": 3, "fields": {"password": "pbkdf2_sha256$1000000$0LiWREWY0bEBD9Rszu9Hkw$LXGHt5qpYGXtrUiuQfNbsxNPA2mDljdGj5UMF/VhARA=", "last_login": null, "is_superuser": false, "username": "cool_guys", "first_name": "", "last_name": "", "email": "", "is_staff": false, "is_active": true, "date_joined": "2026-05-27T21:40:52Z", "groups": [1], "user_permissions": []}}, {"model": "auth.user", "pk": 4, "fields": {"password": "pbkdf2_sha256$1000000$zfXogX96EQLFNSRyZlLVnp$c7EVle1PzuhbAk9j0jxZQtoDWmru6kOBrLF65rylAow=", "last_login": "2026-05-30T18:08:08.337Z", "is_superuser": false, "username": "good_mommas", "first_name": "", "last_name": "", "email": "", "is_staff": false, "is_active": true, "date_joined": "2026-05-27T21:42:24Z", "groups": [1], "user_permissions": []}}, {"model": "auth.user", "pk": 5, "fields": {"password": "pbkdf2_sha256$1000000$deyhaCSat52Xwifm268ELm$ISRsp/Qam7KJZDQh1r+UASc+zq7bcnWzZIHeUnlErsY=", "last_login": null, "is_superuser": false, "username": "rose_kim", "first_name": "", "last_name": "", "email": "", "is_staff": false, "is_active": true, "date_joined": "2026-05-27T21:45:25Z", "groups": [2], "user_permissions": []}}, {"model": "auth.user", "pk": 6, "fields": {"password": "pbkdf2_sha256$1000000$ZsUW0i8r32dHSKSLYHdP6U$FSYUCmMZ+QKvHuzly9Bp/42sEWB+Zq3KxVMMymwy/Ok=", "last_login": "2026-05-30T18:28:53.059Z", "is_superuser": false, "username": "justin_bieber", "first_name": "", "last_name": "", "email": "", "is_staff": false, "is_active": true, "date_joined": "2026-05-27T21:46:24Z", "groups": [2], "user_permissions": []}}, {"model": "auth.user", "pk": 7, "fields": {"password": "pbkdf2_sha256$1000000$B8uywIilvhjVkBZUrsVyMZ$r6xjCmzzvsTCGU29BEP7iS0iHpc5azZFv11JBoIDmuQ=", "last_login": null, "is_superuser": false, "username": "hailey_bieber", "first_name": "", "last_name": "", "email": "", "is_staff": false, "is_active": true, "date_joined": "2026-05-27T21:46:58Z", "groups": [2], "user_permissions": []}}, {"model": "auth.user", "pk": 8, "fields": {"password": "pbkdf2_sha256$1000000$6ckH8SEqKa9RnVqYQOItZe$WAM9D3TV5qJzExsZFsgKf0+RHUQehR2DR0enhllT1FU=", "last_login": "2026-05-30T17:53:16.762Z", "is_superuser": false, "username": "ranetki_detki", "first_name": "", "last_name": "", "email": "ranetki_detki@mail.ru", "is_staff": false, "is_active": true, "date_joined": "2026-05-30T17:53:16.407Z", "groups": [1], "user_permissions": []}}, {"model": "sessions.session", "pk": "vgawqnrid3vqwsvl88igund6yq3auywb", "fields": {"session_data": ".eJxVjMsOwiAQRf-FtSEC5TEu3fsNZGAYqRqalHZl_HfbpAvd3nPOfYuI61Lj2sscRxIXocTpd0uYn6XtgB7Y7pPMU1vmMcldkQft8jZReV0P9--gYq9bzej5nFzhYD3BQEqZ5AflEmgNWnHRYAKE5Fh7yJYBiVBZs3VoQmbx-QLkdzgg:1wTi5w:fDZT2U2jd3pFjPXwk5ZK-DCEs20A8K50edaf47cg_TM", "expire_date": "2026-06-14T15:28:56.504Z"}}, {"model": "main.type", "pk": 1, "fields": {"name": "Office"}}, {"model": "main.type", "pk": 2, "fields": {"name": "Bedroom"}}, {"model": "main.type", "pk": 3, "fields": {"name": "Kitchen"}}, {"model": "main.type", "pk": 4, "fields": {"name": "Cabinet"}}, {"model": "main.design", "pk": 1, "fields": {"name": "Modern"}}, {"model": "main.design", "pk": 2, "fields": {"name": "Loft"}}, {"model": "main.design", "pk": 3, "fields": {"name": "Vangard"}}, {"model": "main.design", "pk": 4, "fields": {"name": "Classic"}}, {"model": "main.furniture", "pk": 1, "fields": {"title": "Beauty table for cool girls", "design": 1, "price": "50.50", "in_production": true, "product_code": "MODE-001", "type": [1]}}, {"model": "main.furniture", "pk": 2, "fields": {"title": "Huge closer for serious guys", "design": 3, "price": "1000.00", "in_production": true, "product_code": "VANG-002", "type": [3]}}, {"model": "main.furniture", "pk": 3, "fields": {"title": "Stylish bed for everyone", "design": 2, "price": "75.89", "in_production": true, "product_code": "LOFT-003", "type": [2]}}, {"model": "main.furniture", "pk": 4, "fields": {"title": "Wooden table", "design": 4, "price": "400.00", "in_production": true, "product_code": "CLAS-004", "type": [4]}}, {"model": "main.client", "pk": 1, "fields": {"user": 2, "company_name": "Baddies Company", "responsible_person": "Main Baddie", "age": 48, "phone": "+375 (29) 123-45-67", "city": "Minsk", "address": "11 Cool Street", "timezone": "Asia/Seoul", "timezone_updated_at": "2026-05-29T12:56:27.559Z"}}, {"model": "main.client", "pk": 2, "fields": {"user": 3, "company_name": "Cool Guys Label", "responsible_person": "Jonny Depp", "age": 70, "phone": "+375 (29) 777-77-77", "city": "Las Vegas", "address": "777 Really Lucky Street", "timezone": "UTC", "timezone_updated_at": "2026-05-29T12:53:24.561Z"}}, {"model": "main.client", "pk": 3, "fields": {"user": 4, "company_name": "Good Mommas", "responsible_person": "Stella Winx", "age": 100, "phone": "+375 (29) 000-00-00", "city": "Kids City", "address": "100 Big Care Street", "timezone": "Europe/Madrid", "timezone_updated_at": "2026-05-30T18:09:52.784Z"}}, {"model": "main.client", "pk": 4, "fields": {"user": 8, "company_name": "Detki Ranetki", "responsible_person": "Main Ranetochka", "age": 18, "phone": "+375 (29) 888-88-88", "city": "Moskow", "address": "Pop Rock Street 333", "timezone": "Europe/Moscow", "timezone_updated_at": null}}, {"model": "main.position", "pk": 1, "fields": {"name": "Storekeeper", "salary": "1000.00"}}, {"model": "main.position", "pk": 2, "fields": {"name": "Director", "salary": "3000.00"}}, {"model": "main.position", "pk": 3, "fields": {"name": "SMM", "salary": "1200.00"}}, {"model": "main.position", "pk": 4, "fields": {"name": "Manager", "salary": "1500.00"}}, {"model": "main.position", "pk": 5, "fields": {"name": "Carpetner", "salary": "1300.00"}}, {"model": "main.employee", "pk": 1, "fields": {"user": 5, "first_name": "Rose", "last_name": "Kim", "age": 23, "photo": "employees/rose_kim.jpg", "phone": "+375 (29) 123-45-67", "email": "rosekim@mail.ru", "position": 2}}, {"model": "main.employee", "pk": 2, "fields": {"user": 6, "first_name": "Justin", "last_name": "Bieber", "age": 31, "photo": "employees/justin_bieber.jpg", "phone": "+375 (29) 111-11-12", "email": "justinbieber@mail.ru", "position": 3}}, {"model": "main.employee", "pk": 3, "fields": {"user": 7, "first_name": "Hailey", "last_name": "Bieber", "age": 26, "photo": "employees/hailey_bieber.jpg", "phone": "+375 (29) 111-11-13", "email": "haileybieber@mail.ru", "position": 4}}, {"model": "main.order", "pk": 1, "fields": {"client": 1, "furniture": 1, "quantity": 11, "order_date": "2026-05-26", "delivery_date": "2026-06-24"}}, {"model": "main.order", "pk": 2, "fields": {"client": 2, "furniture": 2, "quantity": 6, "order_date": "2025-06-16", "delivery_date": "2026-05-23"}}, {"model": "main.order", "pk": 3, "fields": {"client": 3, "furniture": 3, "quantity": 5, "order_date": "2025-11-11", "delivery_date": "2026-09-03"}}, {"model": "main.order", "pk": 4, "fields": {"client": 3, "furniture": 4, "quantity": 4, "order_date": "2024-04-14", "delivery_date": "2025-03-16"}}, {"model": "main.order", "pk": 5, "fields": {"client": 3, "furniture": 4, "quantity": 9, "order_date": "2026-05-29", "delivery_date": "2027-06-03"}}, {"model": "main.news", "pk": 1, "fields": {"title": "New design - Boompala!", "short_content": "Boompala is last work of the most famous desingner in the world.", "image": "news_images/news_image_3.jpg", "created_date": "2026-05-27"}}, {"model": "main.news", "pk": 2, "fields": {"title": "They are gonna dissapear!", "short_content": "There are just several models of out favorite design!", "image": "news_images/news_image_2.jpg", "created_date": "2026-05-27"}}, {"model": "main.news", "pk": 3, "fields": {"title": "Do you want it?", "short_content": "We are thinking about recreating our past designs. Write us which favorite were for you!", "image": "news_images/news_image_1.jpg", "created_date": "2026-05-27"}}, {"model": "main.term", "pk": 1, "fields": {"question": "MDF(Medium-Density Fiberboard)", "answer": "An engineered  wood product made from wood fibers, wax and resin binder."}}, {"model": "main.term", "pk": 2, "fields": {"question": "Laminate", "answer": "A durable surface coating applied to furniture using heat and pressure."}}, {"model": "main.term", "pk": 3, "fields": {"question": "Solid Wood", "answer": "Furniture made from natural wood without engineered components."}}, {"model": "main.vacancy", "pk": 1, "fields": {"title": "Designer", "description": "Do that, those, these to create something FANTASTIC!", "salary": "1500.00", "location": "Minsk, Belarus", "created_date": "2026-05-27", "is_active": true}}, {"model": "main.vacancy", "pk": 2, "fields": {"title": "Cleaner", "description": "Person that makes people enjoy their working space.", "salary": "1000.00", "location": "Minsk, Belarus", "created_date": "2026-05-27", "is_active": true}}, {"model": "main.vacancy", "pk": 3, "fields": {"title": "Furniture Designer", "description": "Someone who will imagine new design for out furniture.", "salary": "1700.00", "location": "Minsk, Belarus", "created_date": "2026-05-27", "is_active": true}}, {"model": "main.promocode", "pk": 1, "fields": {"code": "Summer2024", "discount": "0.23", "description": "Hoooooray, summer sales!!!", "valid_from": "2024-07-01", "valid_to": "2024-08-01", "is_active": false, "created_date": "2026-05-27"}}, {"model": "main.promocode", "pk": 2, "fields": {"code": "DISCOUNT10", "discount": "0.10", "description": "Happy sales!", "valid_from": "2026-02-03", "valid_to": "2026-02-11", "is_active": false, "created_date": "2026-05-27"}}, {"model": "main.promocode", "pk": 3, "fields": {"code": "PRESUMMER2026", "discount": "0.15", "description": "Are you ready to this summer?", "valid_from": "2026-05-20", "valid_to": "2026-06-24", "is_active": true, "created_date": "2026-05-27"}}]