[{"model": "admin.logentry", "pk": 1, "fields": {"action_time": "2026-05-25T21:11:38.324Z", "user": 1, "content_type": 11, "object_id": "1", "object_repr": "Table", "action_flag": 1, "change_message": "[{\"added\": {}}]"}}, {"model": "admin.logentry", "pk": 2, "fields": {"action_time": "2026-05-25T21:11:52.553Z", "user": 1, "content_type": 9, "object_id": "1", "object_repr": "Modern", "action_flag": 1, "change_message": "[{\"added\": {}}]"}}, {"model": "admin.logentry", "pk": 3, "fields": {"action_time": "2026-05-25T21:12:26.871Z", "user": 1, "content_type": 9, "object_id": "1", "object_repr": "Modern", "action_flag": 2, "change_message": "[]"}}, {"model": "admin.logentry", "pk": 4, "fields": {"action_time": "2026-05-25T21:12:37.055Z", "user": 1, "content_type": 7, "object_id": "1", "object_repr": "Beauty table for cool girls", "action_flag": 1, "change_message": "[{\"added\": {}}]"}}, {"model": "admin.logentry", "pk": 5, "fields": {"action_time": "2026-05-25T21:16:53.921Z", "user": 1, "content_type": 11, "object_id": "2", "object_repr": "Bed", "action_flag": 1, "change_message": "[{\"added\": {}}]"}}, {"model": "admin.logentry", "pk": 6, "fields": {"action_time": "2026-05-25T21:17:17.629Z", "user": 1, "content_type": 11, "object_id": "3", "object_repr": "Closet", "action_flag": 1, "change_message": "[{\"added\": {}}]"}}, {"model": "admin.logentry", "pk": 7, "fields": {"action_time": "2026-05-25T21:17:42.379Z", "user": 1, "content_type": 9, "object_id": "2", "object_repr": "Loft", "action_flag": 1, "change_message": "[{\"added\": {}}]"}}, {"model": "admin.logentry", "pk": 8, "fields": {"action_time": "2026-05-25T21:17:50.101Z", "user": 1, "content_type": 9, "object_id": "3", "object_repr": "Vangard", "action_flag": 1, "change_message": "[{\"added\": {}}]"}}, {"model": "admin.logentry", "pk": 9, "fields": {"action_time": "2026-05-25T21:18:57.666Z", "user": 1, "content_type": 7, "object_id": "2", "object_repr": "Huge closer for serious guys", "action_flag": 1, "change_message": "[{\"added\": {}}]"}}, {"model": "admin.logentry", "pk": 10, "fields": {"action_time": "2026-05-25T21:21:26.694Z", "user": 1, "content_type": 7, "object_id": "3", "object_repr": "Stylish bed for everyone", "action_flag": 1, "change_message": "[{\"added\": {}}]"}}, {"model": "admin.logentry", "pk": 11, "fields": {"action_time": "2026-05-25T21:27:14.325Z", "user": 1, "content_type": 10, "object_id": "1", "object_repr": "Cool Furniture Company", "action_flag": 1, "change_message": "[{\"added\": {}}]"}}, {"model": "admin.logentry", "pk": 12, "fields": {"action_time": "2026-05-25T21:28:55.309Z", "user": 1, "content_type": 10, "object_id": "2", "object_repr": "Nice House Label", "action_flag": 1, "change_message": "[{\"added\": {}}]"}}, {"model": "admin.logentry", "pk": 13, "fields": {"action_time": "2026-05-25T21:29:15.272Z", "user": 1, "content_type": 10, "object_id": "2", "object_repr": "Nice House Label", "action_flag": 3, "change_message": ""}}, {"model": "admin.logentry", "pk": 14, "fields": {"action_time": "2026-05-25T21:37:58.399Z", "user": 1, "content_type": 10, "object_id": "2", "object_repr": "Nice Guys Label", "action_flag": 1, "change_message": "[{\"added\": {}}]"}}, {"model": "admin.logentry", "pk": 15, "fields": {"action_time": "2026-05-25T21:40:33.240Z", "user": 1, "content_type": 10, "object_id": "3", "object_repr": "Careful Mommas Store", "action_flag": 1, "change_message": "[{\"added\": {}}]"}}, {"model": "admin.logentry", "pk": 16, "fields": {"action_time": "2026-05-25T21:42:04.336Z", "user": 1, "content_type": 8, "object_id": "1", "object_repr": "Cuty Mike - Manager", "action_flag": 1, "change_message": "[{\"added\": {}}]"}}, {"model": "admin.logentry", "pk": 17, "fields": {"action_time": "2026-05-25T21:43:55.051Z", "user": 1, "content_type": 8, "object_id": "2", "object_repr": "Sweaty Sara - Director", "action_flag": 1, "change_message": "[{\"added\": {}}]"}}, {"model": "admin.logentry", "pk": 18, "fields": {"action_time": "2026-05-25T21:45:42.141Z", "user": 1, "content_type": 8, "object_id": "3", "object_repr": "Jackson Michael - SMM", "action_flag": 1, "change_message": "[{\"added\": {}}]"}}, {"model": "admin.logentry", "pk": 19, "fields": {"action_time": "2026-05-25T21:46:30.667Z", "user": 1, "content_type": 12, "object_id": "1", "object_repr": "Order #1 - Cool Furniture Company - Beauty table for cool girls (11 pcs)", "action_flag": 1, "change_message": "[{\"added\": {}}]"}}, {"model": "admin.logentry", "pk": 20, "fields": {"action_time": "2026-05-25T21:47:19.376Z", "user": 1, "content_type": 12, "object_id": "2", "object_repr": "Order #2 - Nice Guys Label - Huge closer for serious guys (16 pcs)", "action_flag": 1, "change_message": "[{\"added\": {}}]"}}, {"model": "admin.logentry", "pk": 21, "fields": {"action_time": "2026-05-25T21:47:40.083Z", "user": 1, "content_type": 12, "object_id": "3", "object_repr": "Order #3 - Careful Mommas Store - Stylish bed for everyone (5 pcs)", "action_flag": 1, "change_message": "[{\"added\": {}}]"}}, {"model": "admin.logentry", "pk": 22, "fields": {"action_time": "2026-05-26T17:52:10.156Z", "user": 1, "content_type": 10, "object_id": "3", "object_repr": "Careful Mommas Store", "action_flag": 2, "change_message": "[{\"changed\": {\"fields\": [\"Phone\"]}}]"}}, {"model": "admin.logentry", "pk": 23, "fields": {"action_time": "2026-05-26T17:52:23.235Z", "user": 1, "content_type": 10, "object_id": "1", "object_repr": "Cool Furniture Company", "action_flag": 2, "change_message": "[{\"changed\": {\"fields\": [\"Phone\"]}}]"}}, {"model": "admin.logentry", "pk": 24, "fields": {"action_time": "2026-05-26T17:52:40.264Z", "user": 1, "content_type": 10, "object_id": "2", "object_repr": "Nice Guys Label", "action_flag": 2, "change_message": "[{\"changed\": {\"fields\": [\"Phone\"]}}]"}}, {"model": "admin.logentry", "pk": 25, "fields": {"action_time": "2026-05-26T17:53:02.661Z", "user": 1, "content_type": 8, "object_id": "1", "object_repr": "Cuty Mike - Manager", "action_flag": 2, "change_message": "[{\"changed\": {\"fields\": [\"Phone\"]}}]"}}, {"model": "admin.logentry", "pk": 26, "fields": {"action_time": "2026-05-26T17:53:16.878Z", "user": 1, "content_type": 8, "object_id": "3", "object_repr": "Jackson Michael - SMM", "action_flag": 2, "change_message": "[{\"changed\": {\"fields\": [\"Phone\"]}}]"}}, {"model": "admin.logentry", "pk": 27, "fields": {"action_time": "2026-05-26T17:53:34.299Z", "user": 1, "content_type": 8, "object_id": "2", "object_repr": "Sweaty Sara - Director", "action_flag": 2, "change_message": "[{\"changed\": {\"fields\": [\"Phone\"]}}]"}}, {"model": "admin.logentry", "pk": 28, "fields": {"action_time": "2026-05-26T18:14:41.424Z", "user": 1, "content_type": 10, "object_id": "3", "object_repr": "Good Mommas", "action_flag": 2, "change_message": "[{\"changed\": {\"fields\": [\"Company name\", \"Responsible Person\", \"Address\"]}}]"}}, {"model": "admin.logentry", "pk": 29, "fields": {"action_time": "2026-05-26T18:15:07.998Z", "user": 1, "content_type": 10, "object_id": "2", "object_repr": "Cool Guys Label", "action_flag": 2, "change_message": "[{\"changed\": {\"fields\": [\"Company name\", \"Responsible Person\"]}}]"}}, {"model": "admin.logentry", "pk": 30, "fields": {"action_time": "2026-05-26T18:15:41.830Z", "user": 1, "content_type": 10, "object_id": "1", "object_repr": "Baddies Company", "action_flag": 2, "change_message": "[{\"changed\": {\"fields\": [\"Company name\", \"Responsible Person\"]}}]"}}, {"model": "admin.logentry", "pk": 31, "fields": {"action_time": "2026-05-26T18:24:08.685Z", "user": 1, "content_type": 8, "object_id": "1", "object_repr": "Cuty Mike - storekeeper", "action_flag": 2, "change_message": "[{\"changed\": {\"fields\": [\"Position\"]}}]"}}, {"model": "admin.logentry", "pk": 32, "fields": {"action_time": "2026-05-26T18:24:14.006Z", "user": 1, "content_type": 8, "object_id": "3", "object_repr": "Jackson Michael - smm", "action_flag": 2, "change_message": "[{\"changed\": {\"fields\": [\"Position\"]}}]"}}, {"model": "admin.logentry", "pk": 33, "fields": {"action_time": "2026-05-26T18:24:18.717Z", "user": 1, "content_type": 8, "object_id": "2", "object_repr": "Sweaty Sara - director", "action_flag": 2, "change_message": "[{\"changed\": {\"fields\": [\"Position\"]}}]"}}, {"model": "admin.logentry", "pk": 34, "fields": {"action_time": "2026-05-26T23:40:13.869Z", "user": 1, "content_type": 13, "object_id": "1", "object_repr": "New design - Boompala!", "action_flag": 1, "change_message": "[{\"added\": {}}]"}}, {"model": "admin.logentry", "pk": 35, "fields": {"action_time": "2026-05-26T23:42:12.923Z", "user": 1, "content_type": 13, "object_id": "2", "object_repr": "They are gonna dissapear!", "action_flag": 1, "change_message": "[{\"added\": {}}]"}}, {"model": "admin.logentry", "pk": 36, "fields": {"action_time": "2026-05-26T23:43:46.920Z", "user": 1, "content_type": 13, "object_id": "3", "object_repr": "Do you want it?", "action_flag": 1, "change_message": "[{\"added\": {}}]"}}, {"model": "admin.logentry", "pk": 37, "fields": {"action_time": "2026-05-27T00:04:04.898Z", "user": 1, "content_type": 14, "object_id": "1", "object_repr": "MDF(Medium-Density Fiberboard)", "action_flag": 1, "change_message": "[{\"added\": {}}]"}}, {"model": "admin.logentry", "pk": 38, "fields": {"action_time": "2026-05-27T00:05:07.945Z", "user": 1, "content_type": 14, "object_id": "2", "object_repr": "Laminate", "action_flag": 1, "change_message": "[{\"added\": {}}]"}}, {"model": "admin.logentry", "pk": 39, "fields": {"action_time": "2026-05-27T00:06:17.087Z", "user": 1, "content_type": 14, "object_id": "3", "object_repr": "Solid Wood", "action_flag": 1, "change_message": "[{\"added\": {}}]"}}, {"model": "admin.logentry", "pk": 40, "fields": {"action_time": "2026-05-27T00:24:54.106Z", "user": 1, "content_type": 15, "object_id": "1", "object_repr": "Storekeeper ($1000)", "action_flag": 1, "change_message": "[{\"added\": {}}]"}}, {"model": "admin.logentry", "pk": 41, "fields": {"action_time": "2026-05-27T00:25:09.256Z", "user": 1, "content_type": 15, "object_id": "2", "object_repr": "Director ($3000)", "action_flag": 1, "change_message": "[{\"added\": {}}]"}}, {"model": "admin.logentry", "pk": 42, "fields": {"action_time": "2026-05-27T00:25:21.796Z", "user": 1, "content_type": 15, "object_id": "3", "object_repr": "SMM ($1200)", "action_flag": 1, "change_message": "[{\"added\": {}}]"}}, {"model": "admin.logentry", "pk": 43, "fields": {"action_time": "2026-05-27T00:25:37.329Z", "user": 1, "content_type": 15, "object_id": "4", "object_repr": "Manager ($1500)", "action_flag": 1, "change_message": "[{\"added\": {}}]"}}, {"model": "admin.logentry", "pk": 44, "fields": {"action_time": "2026-05-27T00:25:54.739Z", "user": 1, "content_type": 15, "object_id": "5", "object_repr": "Carpetner ($1300)", "action_flag": 1, "change_message": "[{\"added\": {}}]"}}, {"model": "admin.logentry", "pk": 45, "fields": {"action_time": "2026-05-27T00:31:46.075Z", "user": 1, "content_type": 8, "object_id": "1", "object_repr": "Kim Rose - Director ($3000.00)", "action_flag": 1, "change_message": "[{\"added\": {}}]"}}, {"model": "admin.logentry", "pk": 46, "fields": {"action_time": "2026-05-27T00:32:36.112Z", "user": 1, "content_type": 8, "object_id": "2", "object_repr": "Bieber Justin - SMM ($1200.00)", "action_flag": 1, "change_message": "[{\"added\": {}}]"}}, {"model": "admin.logentry", "pk": 47, "fields": {"action_time": "2026-05-27T00:33:24.729Z", "user": 1, "content_type": 8, "object_id": "3", "object_repr": "Bieber Hailey - Manager ($1500.00)", "action_flag": 1, "change_message": "[{\"added\": {}}]"}}, {"model": "admin.logentry", "pk": 48, "fields": {"action_time": "2026-05-27T08:29:26.252Z", "user": 1, "content_type": 8, "object_id": "1", "object_repr": "Kim Rose - Director ($3000.00)", "action_flag": 2, "change_message": "[{\"changed\": {\"fields\": [\"Photo\"]}}]"}}, {"model": "admin.logentry", "pk": 49, "fields": {"action_time": "2026-05-27T08:41:58.936Z", "user": 1, "content_type": 16, "object_id": "1", "object_repr": "Designer", "action_flag": 1, "change_message": "[{\"added\": {}}]"}}, {"model": "admin.logentry", "pk": 50, "fields": {"action_time": "2026-05-27T08:43:19.027Z", "user": 1, "content_type": 16, "object_id": "2", "object_repr": "Cleaner", "action_flag": 1, "change_message": "[{\"added\": {}}]"}}, {"model": "admin.logentry", "pk": 51, "fields": {"action_time": "2026-05-27T08:44:27.926Z", "user": 1, "content_type": 16, "object_id": "3", "object_repr": "Furniture Designer", "action_flag": 1, "change_message": "[{\"added\": {}}]"}}, {"model": "admin.logentry", "pk": 52, "fields": {"action_time": "2026-05-27T08:58:50.421Z", "user": 1, "content_type": 17, "object_id": "1", "object_repr": "Summer2024 - 0.23%", "action_flag": 1, "change_message": "[{\"added\": {}}]"}}, {"model": "admin.logentry", "pk": 53, "fields": {"action_time": "2026-05-27T08:59:44.459Z", "user": 1, "content_type": 17, "object_id": "2", "object_repr": "DISCOUNT10 - 0.1%", "action_flag": 1, "change_message": "[{\"added\": {}}]"}}, {"model": "admin.logentry", "pk": 54, "fields": {"action_time": "2026-05-27T09:00:49.929Z", "user": 1, "content_type": 17, "object_id": "3", "object_repr": "PRESUMMER2026 - 0.15%", "action_flag": 1, "change_message": "[{\"added\": {}}]"}}, {"model": "admin.logentry", "pk": 55, "fields": {"action_time": "2026-05-27T18:56:17.575Z", "user": 1, "content_type": 3, "object_id": "1", "object_repr": "Client", "action_flag": 1, "change_message": "[{\"added\": {}}]"}}, {"model": "admin.logentry", "pk": 56, "fields": {"action_time": "2026-05-27T18:58:11.062Z", "user": 1, "content_type": 3, "object_id": "2", "object_repr": "Employee", "action_flag": 1, "change_message": "[{\"added\": {}}]"}}, {"model": "admin.logentry", "pk": 57, "fields": {"action_time": "2026-05-27T18:59:43.806Z", "user": 1, "content_type": 3, "object_id": "1", "object_repr": "Client", "action_flag": 2, "change_message": "[{\"changed\": {\"fields\": [\"Permissions\"]}}]"}}, {"model": "admin.logentry", "pk": 58, "fields": {"action_time": "2026-05-27T19:01:56.303Z", "user": 1, "content_type": 4, "object_id": "2", "object_repr": "Someone", "action_flag": 1, "change_message": "[{\"added\": {}}]"}}, {"model": "admin.logentry", "pk": 59, "fields": {"action_time": "2026-05-27T19:02:31.592Z", "user": 1, "content_type": 4, "object_id": "2", "object_repr": "Someone", "action_flag": 2, "change_message": "[{\"changed\": {\"fields\": [\"Groups\"]}}]"}}, {"model": "admin.logentry", "pk": 60, "fields": {"action_time": "2026-05-27T21:37:13.331Z", "user": 1, "content_type": 10, "object_id": "1", "object_repr": "Baddies Company", "action_flag": 2, "change_message": "[]"}}, {"model": "admin.logentry", "pk": 61, "fields": {"action_time": "2026-05-27T21:39:36.969Z", "user": 1, "content_type": 4, "object_id": "2", "object_repr": "Someone", "action_flag": 2, "change_message": "[{\"changed\": {\"fields\": [\"password\"]}}]"}}, {"model": "admin.logentry", "pk": 62, "fields": {"action_time": "2026-05-27T21:40:21.671Z", "user": 1, "content_type": 4, "object_id": "2", "object_repr": "baddiest_company", "action_flag": 2, "change_message": "[{\"changed\": {\"fields\": [\"Username\"]}}]"}}, {"model": "admin.logentry", "pk": 63, "fields": {"action_time": "2026-05-27T21:40:53.033Z", "user": 1, "content_type": 4, "object_id": "3", "object_repr": "cool_guys", "action_flag": 1, "change_message": "[{\"added\": {}}]"}}, {"model": "admin.logentry", "pk": 64, "fields": {"action_time": "2026-05-27T21:41:19.536Z", "user": 1, "content_type": 4, "object_id": "3", "object_repr": "cool_guys", "action_flag": 2, "change_message": "[{\"changed\": {\"fields\": [\"Groups\"]}}]"}}, {"model": "admin.logentry", "pk": 65, "fields": {"action_time": "2026-05-27T21:42:24.753Z", "user": 1, "content_type": 4, "object_id": "4", "object_repr": "good_mommas", "action_flag": 1, "change_message": "[{\"added\": {}}]"}}, {"model": "admin.logentry", "pk": 66, "fields": {"action_time": "2026-05-27T21:42:31.905Z", "user": 1, "content_type": 4, "object_id": "4", "object_repr": "good_mommas", "action_flag": 2, "change_message": "[{\"changed\": {\"fields\": [\"Groups\"]}}]"}}, {"model": "admin.logentry", "pk": 67, "fields": {"action_time": "2026-05-27T21:45:26.262Z", "user": 1, "content_type": 4, "object_id": "5", "object_repr": "rose_kim", "action_flag": 1, "change_message": "[{\"added\": {}}]"}}, {"model": "admin.logentry", "pk": 68, "fields": {"action_time": "2026-05-27T21:45:45.453Z", "user": 1, "content_type": 4, "object_id": "5", "object_repr": "rose_kim", "action_flag": 2, "change_message": "[{\"changed\": {\"fields\": [\"Groups\"]}}]"}}, {"model": "admin.logentry", "pk": 69, "fields": {"action_time": "2026-05-27T21:46:24.575Z", "user": 1, "content_type": 4, "object_id": "6", "object_repr": "justin_bieber", "action_flag": 1, "change_message": "[{\"added\": {}}]"}}, {"model": "admin.logentry", "pk": 70, "fields": {"action_time": "2026-05-27T21:46:34.146Z", "user": 1, "content_type": 4, "object_id": "6", "object_repr": "justin_bieber", "action_flag": 2, "change_message": "[{\"changed\": {\"fields\": [\"Groups\"]}}]"}}, {"model": "admin.logentry", "pk": 71, "fields": {"action_time": "2026-05-27T21:46:58.295Z", "user": 1, "content_type": 4, "object_id": "7", "object_repr": "hailey_bieber", "action_flag": 1, "change_message": "[{\"added\": {}}]"}}, {"model": "admin.logentry", "pk": 72, "fields": {"action_time": "2026-05-27T21:47:04.704Z", "user": 1, "content_type": 4, "object_id": "7", "object_repr": "hailey_bieber", "action_flag": 2, "change_message": "[{\"changed\": {\"fields\": [\"Groups\"]}}]"}}, {"model": "admin.logentry", "pk": 73, "fields": {"action_time": "2026-05-27T21:47:47.163Z", "user": 1, "content_type": 10, "object_id": "1", "object_repr": "Baddies Company", "action_flag": 2, "change_message": "[{\"changed\": {\"fields\": [\"User account\"]}}]"}}, {"model": "admin.logentry", "pk": 74, "fields": {"action_time": "2026-05-27T21:48:04.778Z", "user": 1, "content_type": 10, "object_id": "2", "object_repr": "Cool Guys Label", "action_flag": 2, "change_message": "[{\"changed\": {\"fields\": [\"User account\"]}}]"}}, {"model": "admin.logentry", "pk": 75, "fields": {"action_time": "2026-05-27T21:48:10.890Z", "user": 1, "content_type": 10, "object_id": "3", "object_repr": "Good Mommas", "action_flag": 2, "change_message": "[{\"changed\": {\"fields\": [\"User account\"]}}]"}}, {"model": "admin.logentry", "pk": 76, "fields": {"action_time": "2026-05-27T22:05:40.749Z", "user": 1, "content_type": 8, "object_id": "3", "object_repr": "Bieber Hailey - Manager ($1500.00)", "action_flag": 2, "change_message": "[{\"changed\": {\"fields\": [\"User account\"]}}]"}}, {"model": "admin.logentry", "pk": 77, "fields": {"action_time": "2026-05-27T22:05:49.502Z", "user": 1, "content_type": 8, "object_id": "2", "object_repr": "Bieber Justin - SMM ($1200.00)", "action_flag": 2, "change_message": "[{\"changed\": {\"fields\": [\"User account\"]}}]"}}, {"model": "admin.logentry", "pk": 78, "fields": {"action_time": "2026-05-27T22:05:56.620Z", "user": 1, "content_type": 8, "object_id": "1", "object_repr": "Kim Rose - Director ($3000.00)", "action_flag": 2, "change_message": "[{\"changed\": {\"fields\": [\"User account\"]}}]"}}, {"model": "admin.logentry", "pk": 79, "fields": {"action_time": "2026-05-27T22:24:45.669Z", "user": 1, "content_type": 12, "object_id": "2", "object_repr": "Order #2 - Cool Guys Label - Huge closer for serious guys (6 pcs)", "action_flag": 2, "change_message": "[{\"changed\": {\"fields\": [\"Quantity\"]}}]"}}, {"model": "admin.logentry", "pk": 80, "fields": {"action_time": "2026-05-27T22:24:52.982Z", "user": 1, "content_type": 12, "object_id": "2", "object_repr": "Order #2 - Cool Guys Label - Huge closer for serious guys (6 pcs)", "action_flag": 2, "change_message": "[]"}}, {"model": "admin.logentry", "pk": 81, "fields": {"action_time": "2026-05-27T22:25:09.225Z", "user": 1, "content_type": 7, "object_id": "2", "object_repr": "Huge closer for serious guys", "action_flag": 2, "change_message": "[{\"changed\": {\"fields\": [\"Price\"]}}]"}}, {"model": "admin.logentry", "pk": 82, "fields": {"action_time": "2026-05-27T23:33:06.526Z", "user": 1, "content_type": 12, "object_id": "3", "object_repr": "Order #3 - Good Mommas - Stylish bed for everyone (5 pcs)", "action_flag": 2, "change_message": "[]"}}, {"model": "admin.logentry", "pk": 83, "fields": {"action_time": "2026-05-27T23:48:18.707Z", "user": 1, "content_type": 12, "object_id": "3", "object_repr": "Order #3 - Good Mommas - Stylish bed for everyone (5 pcs)", "action_flag": 2, "change_message": "[{\"changed\": {\"fields\": [\"Order date\"]}}]"}}, {"model": "admin.logentry", "pk": 84, "fields": {"action_time": "2026-05-27T23:49:18.416Z", "user": 1, "content_type": 12, "object_id": "3", "object_repr": "Order #3 - Good Mommas - Stylish bed for everyone (5 pcs)", "action_flag": 2, "change_message": "[{\"changed\": {\"fields\": [\"Order date\"]}}]"}}, {"model": "admin.logentry", "pk": 85, "fields": {"action_time": "2026-05-28T15:03:53.733Z", "user": 1, "content_type": 11, "object_id": "3", "object_repr": "Kitchen", "action_flag": 2, "change_message": "[{\"changed\": {\"fields\": [\"Name\"]}}]"}}, {"model": "admin.logentry", "pk": 86, "fields": {"action_time": "2026-05-28T15:04:11.975Z", "user": 1, "content_type": 11, "object_id": "2", "object_repr": "Bedroom", "action_flag": 2, "change_message": "[{\"changed\": {\"fields\": [\"Name\"]}}]"}}, {"model": "admin.logentry", "pk": 87, "fields": {"action_time": "2026-05-28T15:04:23.187Z", "user": 1, "content_type": 11, "object_id": "1", "object_repr": "Office", "action_flag": 2, "change_message": "[{\"changed\": {\"fields\": [\"Name\"]}}]"}}, {"model": "admin.logentry", "pk": 88, "fields": {"action_time": "2026-05-28T15:05:21.014Z", "user": 1, "content_type": 11, "object_id": "4", "object_repr": "Cabinet", "action_flag": 1, "change_message": "[{\"added\": {}}]"}}, {"model": "admin.logentry", "pk": 89, "fields": {"action_time": "2026-05-28T15:06:27.017Z", "user": 1, "content_type": 12, "object_id": "2", "object_repr": "Order #2 - Cool Guys Label - Huge closer for serious guys (6 pcs)", "action_flag": 2, "change_message": "[{\"changed\": {\"fields\": [\"Order date\"]}}]"}}, {"model": "admin.logentry", "pk": 90, "fields": {"action_time": "2026-05-28T15:06:36.134Z", "user": 1, "content_type": 12, "object_id": "1", "object_repr": "Order #1 - Baddies Company - Beauty table for cool girls (11 pcs)", "action_flag": 2, "change_message": "[]"}}, {"model": "admin.logentry", "pk": 91, "fields": {"action_time": "2026-05-28T15:06:54.436Z", "user": 1, "content_type": 12, "object_id": "2", "object_repr": "Order #2 - Cool Guys Label - Huge closer for serious guys (6 pcs)", "action_flag": 2, "change_message": "[]"}}, {"model": "admin.logentry", "pk": 92, "fields": {"action_time": "2026-05-28T15:17:40.431Z", "user": 1, "content_type": 9, "object_id": "4", "object_repr": "Classic", "action_flag": 1, "change_message": "[{\"added\": {}}, {\"added\": {\"name\": \"furniture\", \"object\": \"Wooden table\"}}]"}}, {"model": "admin.logentry", "pk": 93, "fields": {"action_time": "2026-05-28T15:19:30.852Z", "user": 1, "content_type": 12, "object_id": "4", "object_repr": "Order #4 - Good Mommas - Wooden table (4 pcs)", "action_flag": 1, "change_message": "[{\"added\": {}}]"}}, {"model": "admin.logentry", "pk": 94, "fields": {"action_time": "2026-05-28T16:54:34.973Z", "user": 1, "content_type": 7, "object_id": "4", "object_repr": "Wooden table", "action_flag": 2, "change_message": "[{\"changed\": {\"fields\": [\"Type\"]}}]"}}, {"model": "admin.logentry", "pk": 95, "fields": {"action_time": "2026-05-28T16:54:43.033Z", "user": 1, "content_type": 7, "object_id": "4", "object_repr": "Wooden table", "action_flag": 2, "change_message": "[]"}}, {"model": "admin.logentry", "pk": 96, "fields": {"action_time": "2026-05-29T11:33:32.912Z", "user": 1, "content_type": 12, "object_id": "6", "object_repr": "Order #6 - Good Mommas - Beauty table for cool girls (1 pcs)", "action_flag": 3, "change_message": ""}}, {"model": "admin.logentry", "pk": 97, "fields": {"action_time": "2026-05-29T12:56:27.559Z", "user": 1, "content_type": 10, "object_id": "1", "object_repr": "Baddies Company", "action_flag": 2, "change_message": "[{\"changed\": {\"fields\": [\"Timezone\"]}}]"}}, {"model": "admin.logentry", "pk": 98, "fields": {"action_time": "2026-05-29T12:56:52.178Z", "user": 1, "content_type": 10, "object_id": "3", "object_repr": "Good Mommas", "action_flag": 2, "change_message": "[{\"changed\": {\"fields\": [\"Timezone\"]}}]"}}, {"model": "admin.logentry", "pk": 99, "fields": {"action_time": "2026-05-29T12:56:57.381Z", "user": 1, "content_type": 10, "object_id": "3", "object_repr": "Good Mommas", "action_flag": 2, "change_message": "[]"}}, {"model": "admin.logentry", "pk": 100, "fields": {"action_time": "2026-05-31T15:29:53.950Z", "user": 1, "content_type": 12, "object_id": "5", "object_repr": "Order #5 - Good Mommas - Wooden table (9 pcs)", "action_flag": 2, "change_message": "[]"}}, {"model": "admin.logentry", "pk": 101, "fields": {"action_time": "2026-06-06T20:23:04.725Z", "user": 1, "content_type": 19, "object_id": "1", "object_repr": "Furniture Factory", "action_flag": 2, "change_message": "[{\"changed\": {\"fields\": [\"Working hours\"]}}]"}}, {"model": "admin.logentry", "pk": 102, "fields": {"action_time": "2026-06-06T20:34:09.027Z", "user": 1, "content_type": 20, "object_id": "1", "object_repr": "How are you?", "action_flag": 1, "change_message": "[{\"added\": {}}]"}}, {"model": "admin.logentry", "pk": 103, "fields": {"action_time": "2026-06-06T20:42:07.810Z", "user": 1, "content_type": 20, "object_id": "2", "object_repr": "How i should understand?", "action_flag": 1, "change_message": "[{\"added\": {}}]"}}, {"model": "admin.logentry", "pk": 104, "fields": {"action_time": "2026-06-06T20:42:41.391Z", "user": 1, "content_type": 20, "object_id": "3", "object_repr": "Is that normal?", "action_flag": 1, "change_message": "[{\"added\": {}}]"}}, {"model": "admin.logentry", "pk": 105, "fields": {"action_time": "2026-06-06T21:56:11.009Z", "user": 1, "content_type": 12, "object_id": "1", "object_repr": "Order #1 - Baddies Company - Beauty table for cool girls (11 pcs)", "action_flag": 3, "change_message": ""}}, {"model": "admin.logentry", "pk": 106, "fields": {"action_time": "2026-06-06T21:56:25.535Z", "user": 1, "content_type": 12, "object_id": "5", "object_repr": "Order #5 - Good Mommas - Wooden table (9 pcs)", "action_flag": 3, "change_message": ""}}, {"model": "admin.logentry", "pk": 107, "fields": {"action_time": "2026-06-06T21:56:25.535Z", "user": 1, "content_type": 12, "object_id": "3", "object_repr": "Order #3 - Good Mommas - Stylish bed for everyone (5 pcs)", "action_flag": 3, "change_message": ""}}, {"model": "admin.logentry", "pk": 108, "fields": {"action_time": "2026-06-06T21:56:25.535Z", "user": 1, "content_type": 12, "object_id": "2", "object_repr": "Order #2 - Cool Guys Label - Huge closer for serious guys (6 pcs)", "action_flag": 3, "change_message": ""}}, {"model": "admin.logentry", "pk": 109, "fields": {"action_time": "2026-06-06T21:56:25.535Z", "user": 1, "content_type": 12, "object_id": "4", "object_repr": "Order #4 - Good Mommas - Wooden table (4 pcs)", "action_flag": 3, "change_message": ""}}, {"model": "admin.logentry", "pk": 110, "fields": {"action_time": "2026-06-06T21:56:36.646Z", "user": 1, "content_type": 10, "object_id": "1", "object_repr": "Baddies Company", "action_flag": 3, "change_message": ""}}, {"model": "admin.logentry", "pk": 111, "fields": {"action_time": "2026-06-06T21:56:36.646Z", "user": 1, "content_type": 10, "object_id": "2", "object_repr": "Cool Guys Label", "action_flag": 3, "change_message": ""}}, {"model": "admin.logentry", "pk": 112, "fields": {"action_time": "2026-06-06T21:56:36.646Z", "user": 1, "content_type": 10, "object_id": "4", "object_repr": "Detki Ranetki", "action_flag": 3, "change_message": ""}}, {"model": "admin.logentry", "pk": 113, "fields": {"action_time": "2026-06-06T21:56:36.647Z", "user": 1, "content_type": 10, "object_id": "3", "object_repr": "Good Mommas", "action_flag": 3, "change_message": ""}}, {"model": "admin.logentry", "pk": 114, "fields": {"action_time": "2026-06-06T21:56:53.791Z", "user": 1, "content_type": 8, "object_id": "3", "object_repr": "Bieber Hailey - Manager ($1500.00)", "action_flag": 3, "change_message": ""}}, {"model": "admin.logentry", "pk": 115, "fields": {"action_time": "2026-06-06T21:56:53.791Z", "user": 1, "content_type": 8, "object_id": "2", "object_repr": "Bieber Justin - SMM ($1200.00)", "action_flag": 3, "change_message": ""}}, {"model": "admin.logentry", "pk": 116, "fields": {"action_time": "2026-06-06T21:56:53.791Z", "user": 1, "content_type": 8, "object_id": "1", "object_repr": "Kim Rose - Director ($3000.00)", "action_flag": 3, "change_message": ""}}, {"model": "admin.logentry", "pk": 117, "fields": {"action_time": "2026-06-06T21:58:04.274Z", "user": 1, "content_type": 4, "object_id": "2", "object_repr": "baddiest_company", "action_flag": 3, "change_message": ""}}, {"model": "admin.logentry", "pk": 118, "fields": {"action_time": "2026-06-06T21:58:04.274Z", "user": 1, "content_type": 4, "object_id": "3", "object_repr": "cool_guys", "action_flag": 3, "change_message": ""}}, {"model": "admin.logentry", "pk": 119, "fields": {"action_time": "2026-06-06T21:58:04.274Z", "user": 1, "content_type": 4, "object_id": "4", "object_repr": "good_mommas", "action_flag": 3, "change_message": ""}}, {"model": "admin.logentry", "pk": 120, "fields": {"action_time": "2026-06-06T21:58:04.274Z", "user": 1, "content_type": 4, "object_id": "7", "object_repr": "hailey_bieber", "action_flag": 3, "change_message": ""}}, {"model": "admin.logentry", "pk": 121, "fields": {"action_time": "2026-06-06T21:58:04.274Z", "user": 1, "content_type": 4, "object_id": "6", "object_repr": "justin_bieber", "action_flag": 3, "change_message": ""}}, {"model": "admin.logentry", "pk": 122, "fields": {"action_time": "2026-06-06T21:58:04.274Z", "user": 1, "content_type": 4, "object_id": "8", "object_repr": "ranetki_detki", "action_flag": 3, "change_message": ""}}, {"model": "admin.logentry", "pk": 123, "fields": {"action_time": "2026-06-06T21:58:04.274Z", "user": 1, "content_type": 4, "object_id": "5", "object_repr": "rose_kim", "action_flag": 3, "change_message": ""}}, {"model": "admin.logentry", "pk": 124, "fields": {"action_time": "2026-06-06T22:14:42.859Z", "user": 1, "content_type": 4, "object_id": "9", "object_repr": "emp", "action_flag": 1, "change_message": "[{\"added\": {}}]"}}, {"model": "admin.logentry", "pk": 125, "fields": {"action_time": "2026-06-06T22:17:02.687Z", "user": 1, "content_type": 8, "object_id": "1", "object_repr": "p em - Carpetner ($1300.00)", "action_flag": 1, "change_message": "[{\"added\": {}}]"}}, {"model": "admin.logentry", "pk": 126, "fields": {"action_time": "2026-06-06T22:17:51.546Z", "user": 1, "content_type": 8, "object_id": "1", "object_repr": "p em - Carpetner ($1300.00)", "action_flag": 3, "change_message": ""}}, {"model": "admin.logentry", "pk": 127, "fields": {"action_time": "2026-06-07T11:56:54.652Z", "user": 1, "content_type": 13, "object_id": "1", "object_repr": "New design - Boompala!", "action_flag": 2, "change_message": "[]"}}, {"model": "admin.logentry", "pk": 128, "fields": {"action_time": "2026-06-07T11:57:46.369Z", "user": 1, "content_type": 13, "object_id": "6", "object_repr": "Seasonal Sale Up to 30% off!", "action_flag": 2, "change_message": "[{\"changed\": {\"fields\": [\"Title\", \"Image\"]}}]"}}, {"model": "admin.logentry", "pk": 129, "fields": {"action_time": "2026-06-07T11:58:00.841Z", "user": 1, "content_type": 13, "object_id": "10", "object_repr": "Workshop for DIY Enthusiasts", "action_flag": 2, "change_message": "[{\"changed\": {\"fields\": [\"Image\"]}}]"}}, {"model": "admin.logentry", "pk": 130, "fields": {"action_time": "2026-06-07T11:58:08.325Z", "user": 1, "content_type": 13, "object_id": "9", "object_repr": "Free Delivery on Orders Over $500", "action_flag": 2, "change_message": "[{\"changed\": {\"fields\": [\"Image\"]}}]"}}, {"model": "admin.logentry", "pk": 131, "fields": {"action_time": "2026-06-07T11:58:16.899Z", "user": 1, "content_type": 13, "object_id": "8", "object_repr": "Interview with Our Head Designer", "action_flag": 2, "change_message": "[{\"changed\": {\"fields\": [\"Image\"]}}]"}}, {"model": "admin.logentry", "pk": 132, "fields": {"action_time": "2026-06-07T11:58:23.191Z", "user": 1, "content_type": 13, "object_id": "7", "object_repr": "We've Moved to a Larger Showroom", "action_flag": 2, "change_message": "[{\"changed\": {\"fields\": [\"Image\"]}}]"}}, {"model": "admin.logentry", "pk": 133, "fields": {"action_time": "2026-06-07T11:58:29.219Z", "user": 1, "content_type": 13, "object_id": "6", "object_repr": "Seasonal Sale Up to 30% off!", "action_flag": 2, "change_message": "[]"}}, {"model": "admin.logentry", "pk": 134, "fields": {"action_time": "2026-06-07T11:58:38.870Z", "user": 1, "content_type": 13, "object_id": "5", "object_repr": "Eco-friendly Materials Now in Production", "action_flag": 2, "change_message": "[{\"changed\": {\"fields\": [\"Image\"]}}]"}}, {"model": "admin.logentry", "pk": 135, "fields": {"action_time": "2026-06-07T11:58:45.746Z", "user": 1, "content_type": 13, "object_id": "4", "object_repr": "New Collection: Scandinavian Comfort", "action_flag": 2, "change_message": "[{\"changed\": {\"fields\": [\"Image\"]}}]"}}, {"model": "admin.logentry", "pk": 136, "fields": {"action_time": "2026-06-07T11:58:48.979Z", "user": 1, "content_type": 13, "object_id": "3", "object_repr": "Do you want it?", "action_flag": 2, "change_message": "[]"}}, {"model": "admin.logentry", "pk": 137, "fields": {"action_time": "2026-06-07T11:59:06.771Z", "user": 1, "content_type": 20, "object_id": "10", "object_repr": "Are your products eco-friendly?", "action_flag": 2, "change_message": "[]"}}, {"model": "admin.logentry", "pk": 138, "fields": {"action_time": "2026-06-07T12:01:11.442Z", "user": 1, "content_type": 4, "object_id": "10", "object_repr": "hailey_bieber", "action_flag": 1, "change_message": "[{\"added\": {}}]"}}, {"model": "admin.logentry", "pk": 139, "fields": {"action_time": "2026-06-07T12:01:36.939Z", "user": 1, "content_type": 4, "object_id": "10", "object_repr": "hailey_bieber", "action_flag": 2, "change_message": "[{\"changed\": {\"fields\": [\"Groups\"]}}]"}}, {"model": "admin.logentry", "pk": 140, "fields": {"action_time": "2026-06-07T12:02:02.913Z", "user": 1, "content_type": 4, "object_id": "11", "object_repr": "cool_girl", "action_flag": 1, "change_message": "[{\"added\": {}}]"}}, {"model": "admin.logentry", "pk": 141, "fields": {"action_time": "2026-06-07T12:02:11.241Z", "user": 1, "content_type": 4, "object_id": "11", "object_repr": "cool_girl", "action_flag": 2, "change_message": "[{\"changed\": {\"fields\": [\"Groups\"]}}]"}}, {"model": "admin.logentry", "pk": 142, "fields": {"action_time": "2026-06-07T12:03:18.861Z", "user": 1, "content_type": 10, "object_id": "1", "object_repr": "Cool Girls", "action_flag": 1, "change_message": "[{\"added\": {}}]"}}, {"model": "admin.logentry", "pk": 143, "fields": {"action_time": "2026-06-07T12:16:55.399Z", "user": 1, "content_type": 8, "object_id": "2", "object_repr": "Bieber Hailey - Manager ($1500.00)", "action_flag": 1, "change_message": "[{\"added\": {}}]"}}, {"model": "admin.logentry", "pk": 144, "fields": {"action_time": "2026-06-07T12:18:56.640Z", "user": 1, "content_type": 12, "object_id": "6", "object_repr": "Order #6 - Cool Girls - Bathroom Vanity (3 pcs)", "action_flag": 1, "change_message": "[{\"added\": {}}]"}}, {"model": "admin.logentry", "pk": 145, "fields": {"action_time": "2026-06-07T12:34:57.027Z", "user": 1, "content_type": 12, "object_id": "6", "object_repr": "Order #6 - Cool Girls - Bathroom Vanity (3 pcs)", "action_flag": 2, "change_message": "[{\"changed\": {\"fields\": [\"Order date\", \"Delivery date\"]}}]"}}, {"model": "admin.logentry", "pk": 146, "fields": {"action_time": "2026-06-07T12:35:12.602Z", "user": 1, "content_type": 12, "object_id": "7", "object_repr": "Order #7 - Alpha Ltd - Cozy Sofa (2 pcs)", "action_flag": 2, "change_message": "[{\"changed\": {\"fields\": [\"Order date\"]}}]"}}, {"model": "admin.logentry", "pk": 147, "fields": {"action_time": "2026-06-07T12:35:36.291Z", "user": 1, "content_type": 12, "object_id": "8", "object_repr": "Order #8 - Beta Corp - Extendable Dining Table (1 pcs)", "action_flag": 2, "change_message": "[{\"changed\": {\"fields\": [\"Order date\", \"Delivery date\"]}}]"}}, {"model": "admin.logentry", "pk": 148, "fields": {"action_time": "2026-06-07T12:36:03.867Z", "user": 1, "content_type": 12, "object_id": "9", "object_repr": "Order #9 - Gamma LLC - Kids Bed with Storage (3 pcs)", "action_flag": 2, "change_message": "[{\"changed\": {\"fields\": [\"Order date\", \"Delivery date\"]}}]"}}, {"model": "admin.logentry", "pk": 149, "fields": {"action_time": "2026-06-07T12:36:31.527Z", "user": 1, "content_type": 12, "object_id": "10", "object_repr": "Order #10 - Delta Group - Shoe Cabinet (5 pcs)", "action_flag": 2, "change_message": "[{\"changed\": {\"fields\": [\"Order date\", \"Delivery date\"]}}]"}}, {"model": "admin.logentry", "pk": 150, "fields": {"action_time": "2026-06-07T12:36:46.777Z", "user": 1, "content_type": 12, "object_id": "11", "object_repr": "Order #11 - Epsilon Enterprises - Bathroom Vanity (2 pcs)", "action_flag": 2, "change_message": "[{\"changed\": {\"fields\": [\"Order date\", \"Delivery date\"]}}]"}}, {"model": "admin.logentry", "pk": 151, "fields": {"action_time": "2026-06-07T12:37:12.758Z", "user": 1, "content_type": 12, "object_id": "12", "object_repr": "Order #12 - Zeta Solutions - Ergonomic Desk (4 pcs)", "action_flag": 2, "change_message": "[{\"changed\": {\"fields\": [\"Order date\", \"Delivery date\"]}}]"}}, {"model": "auth.group", "pk": 1, "fields": {"name": "Client", "permissions": [45, 48, 68]}}, {"model": "auth.group", "pk": 2, "fields": {"name": "Employee", "permissions": [36, 48]}}, {"model": "auth.user", "pk": 1, "fields": {"password": "pbkdf2_sha256$1000000$kpT7xviV3GMoIoj742dV9j$20MtHjU/cFLA0UDhg540i8dfwSKPimj9ehsalxN0Opw=", "last_login": "2026-06-07T10:52:25.870Z", "is_superuser": true, "username": "maria", "first_name": "", "last_name": "", "email": "mariazhukovskaya00@mail.ru", "is_staff": true, "is_active": true, "date_joined": "2026-05-25T21:05:55.954Z", "groups": [], "user_permissions": []}}, {"model": "auth.user", "pk": 9, "fields": {"password": "pbkdf2_sha256$1000000$5CJzMZSYZmPOQrCUEdY8rJ$ZyOxMxCtwDJIKWLrzDrvqQEiksvx0RtIGmezaudPGH4=", "last_login": null, "is_superuser": false, "username": "emp", "first_name": "", "last_name": "", "email": "", "is_staff": false, "is_active": true, "date_joined": "2026-06-06T22:14:42.561Z", "groups": [], "user_permissions": []}}, {"model": "auth.user", "pk": 10, "fields": {"password": "pbkdf2_sha256$1000000$A4dubBKvshq4mMcKKM7QU0$WLs/fqr/LKlTBEItCfbJ40bcfQuR0NSW6jvLcMMvwXM=", "last_login": null, "is_superuser": false, "username": "hailey_bieber", "first_name": "", "last_name": "", "email": "", "is_staff": false, "is_active": true, "date_joined": "2026-06-07T12:01:11Z", "groups": [2], "user_permissions": []}}, {"model": "auth.user", "pk": 11, "fields": {"password": "pbkdf2_sha256$1000000$P6a8tgJFutYvnHtduHzsQK$OjQxs8GCgByldPjC7+LHbyo8yVDVu8QWR2lGgmOZkv0=", "last_login": "2026-06-07T12:39:15.028Z", "is_superuser": false, "username": "cool_girl", "first_name": "", "last_name": "", "email": "", "is_staff": false, "is_active": true, "date_joined": "2026-06-07T12:02:02Z", "groups": [1], "user_permissions": []}}, {"model": "auth.user", "pk": 12, "fields": {"password": "pbkdf2_sha256$1000000$test$test", "last_login": null, "is_superuser": false, "username": "client2", "first_name": "", "last_name": "", "email": "client2@example.com", "is_staff": false, "is_active": true, "date_joined": "2026-06-07T12:00:00Z", "groups": [1], "user_permissions": []}}, {"model": "auth.user", "pk": 13, "fields": {"password": "pbkdf2_sha256$1000000$test$test", "last_login": null, "is_superuser": false, "username": "client3", "first_name": "", "last_name": "", "email": "client3@example.com", "is_staff": false, "is_active": true, "date_joined": "2026-06-07T12:00:00Z", "groups": [1], "user_permissions": []}}, {"model": "auth.user", "pk": 14, "fields": {"password": "pbkdf2_sha256$1000000$test$test", "last_login": null, "is_superuser": false, "username": "client4", "first_name": "", "last_name": "", "email": "client4@example.com", "is_staff": false, "is_active": true, "date_joined": "2026-06-07T12:00:00Z", "groups": [1], "user_permissions": []}}, {"model": "auth.user", "pk": 15, "fields": {"password": "pbkdf2_sha256$1000000$test$test", "last_login": null, "is_superuser": false, "username": "client5", "first_name": "", "last_name": "", "email": "client5@example.com", "is_staff": false, "is_active": true, "date_joined": "2026-06-07T12:00:00Z", "groups": [1], "user_permissions": []}}, {"model": "auth.user", "pk": 16, "fields": {"password": "pbkdf2_sha256$1000000$test$test", "last_login": null, "is_superuser": false, "username": "client6", "first_name": "", "last_name": "", "email": "client6@example.com", "is_staff": false, "is_active": true, "date_joined": "2026-06-07T12:00:00Z", "groups": [1], "user_permissions": []}}, {"model": "auth.user", "pk": 17, "fields": {"password": "pbkdf2_sha256$1000000$test$test", "last_login": null, "is_superuser": false, "username": "client7", "first_name": "", "last_name": "", "email": "client7@example.com", "is_staff": false, "is_active": true, "date_joined": "2026-06-07T12:00:00Z", "groups": [1], "user_permissions": []}}, {"model": "auth.user", "pk": 18, "fields": {"password": "pbkdf2_sha256$1000000$test$test", "last_login": null, "is_superuser": false, "username": "client8", "first_name": "", "last_name": "", "email": "client8@example.com", "is_staff": false, "is_active": true, "date_joined": "2026-06-07T12:00:00Z", "groups": [1], "user_permissions": []}}, {"model": "auth.user", "pk": 19, "fields": {"password": "pbkdf2_sha256$1000000$test$test", "last_login": null, "is_superuser": false, "username": "client9", "first_name": "", "last_name": "", "email": "client9@example.com", "is_staff": false, "is_active": true, "date_joined": "2026-06-07T12:00:00Z", "groups": [1], "user_permissions": []}}, {"model": "auth.user", "pk": 20, "fields": {"password": "pbkdf2_sha256$1000000$test$test", "last_login": null, "is_superuser": false, "username": "client10", "first_name": "", "last_name": "", "email": "client10@example.com", "is_staff": false, "is_active": true, "date_joined": "2026-06-07T12:00:00Z", "groups": [1], "user_permissions": []}}, {"model": "auth.user", "pk": 21, "fields": {"password": "pbkdf2_sha256$1000000$test$test", "last_login": null, "is_superuser": false, "username": "emp2", "first_name": "John", "last_name": "Doe", "email": "john.doe@example.com", "is_staff": false, "is_active": true, "date_joined": "2026-06-07T13:00:00Z", "groups": [2], "user_permissions": []}}, {"model": "auth.user", "pk": 22, "fields": {"password": "pbkdf2_sha256$1000000$test$test", "last_login": null, "is_superuser": false, "username": "emp3", "first_name": "Jane", "last_name": "Smith", "email": "jane.smith@example.com", "is_staff": false, "is_active": true, "date_joined": "2026-06-07T13:00:00Z", "groups": [2], "user_permissions": []}}, {"model": "auth.user", "pk": 23, "fields": {"password": "pbkdf2_sha256$1000000$test$test", "last_login": null, "is_superuser": false, "username": "emp4", "first_name": "Mike", "last_name": "Johnson", "email": "mike.j@example.com", "is_staff": false, "is_active": true, "date_joined": "2026-06-07T13:00:00Z", "groups": [2], "user_permissions": []}}, {"model": "auth.user", "pk": 24, "fields": {"password": "pbkdf2_sha256$1000000$test$test", "last_login": null, "is_superuser": false, "username": "emp5", "first_name": "Sarah", "last_name": "Williams", "email": "sarah.w@example.com", "is_staff": false, "is_active": true, "date_joined": "2026-06-07T13:00:00Z", "groups": [2], "user_permissions": []}}, {"model": "auth.user", "pk": 25, "fields": {"password": "pbkdf2_sha256$1000000$test$test", "last_login": null, "is_superuser": false, "username": "emp6", "first_name": "David", "last_name": "Brown", "email": "david.b@example.com", "is_staff": false, "is_active": true, "date_joined": "2026-06-07T13:00:00Z", "groups": [2], "user_permissions": []}}, {"model": "auth.user", "pk": 26, "fields": {"password": "pbkdf2_sha256$1000000$test$test", "last_login": null, "is_superuser": false, "username": "emp7", "first_name": "Emma", "last_name": "Jones", "email": "emma.j@example.com", "is_staff": false, "is_active": true, "date_joined": "2026-06-07T13:00:00Z", "groups": [2], "user_permissions": []}}, {"model": "auth.user", "pk": 27, "fields": {"password": "pbkdf2_sha256$1000000$test$test", "last_login": null, "is_superuser": false, "username": "emp8", "first_name": "Chris", "last_name": "Miller", "email": "chris.m@example.com", "is_staff": false, "is_active": true, "date_joined": "2026-06-07T13:00:00Z", "groups": [2], "user_permissions": []}}, {"model": "auth.user", "pk": 28, "fields": {"password": "pbkdf2_sha256$1000000$test$test", "last_login": null, "is_superuser": false, "username": "emp9", "first_name": "Patricia", "last_name": "Davis", "email": "pat.d@example.com", "is_staff": false, "is_active": true, "date_joined": "2026-06-07T13:00:00Z", "groups": [2], "user_permissions": []}}, {"model": "auth.user", "pk": 29, "fields": {"password": "pbkdf2_sha256$1000000$test$test", "last_login": null, "is_superuser": false, "username": "emp10", "first_name": "Robert", "last_name": "Garcia", "email": "robert.g@example.com", "is_staff": false, "is_active": true, "date_joined": "2026-06-07T13:00:00Z", "groups": [2], "user_permissions": []}}, {"model": "main.type", "pk": 1, "fields": {"name": "Office"}}, {"model": "main.type", "pk": 2, "fields": {"name": "Bedroom"}}, {"model": "main.type", "pk": 3, "fields": {"name": "Kitchen"}}, {"model": "main.type", "pk": 4, "fields": {"name": "Cabinet"}}, {"model": "main.type", "pk": 5, "fields": {"name": "Living Room"}}, {"model": "main.type", "pk": 6, "fields": {"name": "Dining Room"}}, {"model": "main.type", "pk": 7, "fields": {"name": "Children's Room"}}, {"model": "main.type", "pk": 8, "fields": {"name": "Hallway"}}, {"model": "main.type", "pk": 9, "fields": {"name": "Bathroom"}}, {"model": "main.type", "pk": 10, "fields": {"name": "Home Office"}}, {"model": "main.design", "pk": 1, "fields": {"name": "Modern"}}, {"model": "main.design", "pk": 2, "fields": {"name": "Loft"}}, {"model": "main.design", "pk": 3, "fields": {"name": "Vangard"}}, {"model": "main.design", "pk": 4, "fields": {"name": "Classic"}}, {"model": "main.design", "pk": 5, "fields": {"name": "Scandinavian"}}, {"model": "main.design", "pk": 6, "fields": {"name": "Industrial"}}, {"model": "main.design", "pk": 7, "fields": {"name": "Minimalism"}}, {"model": "main.design", "pk": 8, "fields": {"name": "Provence"}}, {"model": "main.design", "pk": 9, "fields": {"name": "Art Deco"}}, {"model": "main.design", "pk": 10, "fields": {"name": "Eco"}}, {"model": "main.furniture", "pk": 1, "fields": {"title": "Beauty table for cool girls", "design": 1, "price": "50.50", "in_production": true, "product_code": "MODE-001", "type": [1]}}, {"model": "main.furniture", "pk": 2, "fields": {"title": "Huge closer for serious guys", "design": 3, "price": "1000.00", "in_production": true, "product_code": "VANG-002", "type": [3]}}, {"model": "main.furniture", "pk": 3, "fields": {"title": "Stylish bed for everyone", "design": 2, "price": "75.89", "in_production": true, "product_code": "LOFT-003", "type": [2]}}, {"model": "main.furniture", "pk": 4, "fields": {"title": "Wooden table", "design": 4, "price": "400.00", "in_production": true, "product_code": "CLAS-004", "type": [4]}}, {"model": "main.furniture", "pk": 5, "fields": {"title": "Cozy Sofa", "design": 5, "price": "450.00", "in_production": true, "product_code": "SCAN-005", "type": [5]}}, {"model": "main.furniture", "pk": 6, "fields": {"title": "Extendable Dining Table", "design": 1, "price": "320.00", "in_production": true, "product_code": "MODE-006", "type": [6]}}, {"model": "main.furniture", "pk": 7, "fields": {"title": "Kids Bed with Storage", "design": 7, "price": "280.00", "in_production": true, "product_code": "MINI-007", "type": [7]}}, {"model": "main.furniture", "pk": 8, "fields": {"title": "Shoe Cabinet", "design": 6, "price": "120.00", "in_production": true, "product_code": "INDU-008", "type": [8]}}, {"model": "main.furniture", "pk": 9, "fields": {"title": "Bathroom Vanity", "design": 10, "price": "210.00", "in_production": true, "product_code": "ECO-009", "type": [9]}}, {"model": "main.furniture", "pk": 10, "fields": {"title": "Ergonomic Desk", "design": 9, "price": "350.00", "in_production": true, "product_code": "ART -010", "type": [10]}}, {"model": "main.client", "pk": 1, "fields": {"user": 11, "company_name": "Cool Girls", "responsible_person": "Sophy", "date_of_birth": "1990-01-01", "phone": "+375 (29) 111-11-11", "city": "Minsk", "address": "Coolest Street", "timezone": "US/Mountain", "timezone_updated_at": null}}, {"model": "main.client", "pk": 2, "fields": {"user": 12, "company_name": "Alpha Ltd", "responsible_person": "John Smith", "date_of_birth": "1985-06-15", "phone": "+375 (29) 111-11-12", "city": "Minsk", "address": "Pritytskogo 15", "timezone": "Europe/Minsk", "timezone_updated_at": null}}, {"model": "main.client", "pk": 3, "fields": {"user": 13, "company_name": "Beta Corp", "responsible_person": "Emily Brown", "date_of_birth": "1990-03-22", "phone": "+375 (29) 111-11-13", "city": "Brest", "address": "Masherova 5", "timezone": "Europe/Minsk", "timezone_updated_at": null}}, {"model": "main.client", "pk": 4, "fields": {"user": 14, "company_name": "Gamma LLC", "responsible_person": "Michael Lee", "date_of_birth": "1988-11-02", "phone": "+375 (29) 111-11-14", "city": "Grodno", "address": "Zamkovaya 7", "timezone": "Europe/Minsk", "timezone_updated_at": null}}, {"model": "main.client", "pk": 5, "fields": {"user": 15, "company_name": "Delta Group", "responsible_person": "Sophia Wilson", "date_of_birth": "1995-07-19", "phone": "+375 (29) 111-11-15", "city": "Mogilev", "address": "Leninskaya 22", "timezone": "Europe/Minsk", "timezone_updated_at": null}}, {"model": "main.client", "pk": 6, "fields": {"user": 16, "company_name": "Epsilon Enterprises", "responsible_person": "James Taylor", "date_of_birth": "1982-09-30", "phone": "+375 (29) 111-11-16", "city": "Vitebsk", "address": "Pobedy 11", "timezone": "Europe/Minsk", "timezone_updated_at": null}}, {"model": "main.client", "pk": 7, "fields": {"user": 17, "company_name": "Zeta Solutions", "responsible_person": "Olivia Martinez", "date_of_birth": "1992-12-05", "phone": "+375 (29) 111-11-17", "city": "Minsk", "address": "Nezavisimosti 45", "timezone": "Europe/Minsk", "timezone_updated_at": null}}, {"model": "main.client", "pk": 8, "fields": {"user": 18, "company_name": "Eta Industries", "responsible_person": "William Anderson", "date_of_birth": "1987-04-10", "phone": "+375 (29) 111-11-18", "city": "Brest", "address": "Pushkina 8", "timezone": "Europe/Minsk", "timezone_updated_at": null}}, {"model": "main.client", "pk": 9, "fields": {"user": 19, "company_name": "Theta Commerce", "responsible_person": "Isabella Thomas", "date_of_birth": "1993-08-14", "phone": "+375 (29) 111-11-19", "city": "Grodno", "address": "Kirova 12", "timezone": "Europe/Minsk", "timezone_updated_at": null}}, {"model": "main.client", "pk": 10, "fields": {"user": 20, "company_name": "Iota Partners", "responsible_person": "Ethan Jackson", "date_of_birth": "1989-01-25", "phone": "+375 (29) 111-11-20", "city": "Minsk", "address": "Kalinovskogo 3", "timezone": "Europe/Minsk", "timezone_updated_at": null}}, {"model": "main.position", "pk": 1, "fields": {"name": "Storekeeper", "salary": "1000.00"}}, {"model": "main.position", "pk": 2, "fields": {"name": "Director", "salary": "3000.00"}}, {"model": "main.position", "pk": 3, "fields": {"name": "SMM", "salary": "1200.00"}}, {"model": "main.position", "pk": 4, "fields": {"name": "Manager", "salary": "1500.00"}}, {"model": "main.position", "pk": 5, "fields": {"name": "Carpetner", "salary": "1300.00"}}, {"model": "main.position", "pk": 6, "fields": {"name": "Carpenter", "salary": "1300.00"}}, {"model": "main.position", "pk": 7, "fields": {"name": "Sales Manager", "salary": "1400.00"}}, {"model": "main.position", "pk": 8, "fields": {"name": "Furniture Assembler", "salary": "1100.00"}}, {"model": "main.position", "pk": 9, "fields": {"name": "Quality Control Specialist", "salary": "1300.00"}}, {"model": "main.position", "pk": 10, "fields": {"name": "Logistics Coordinator", "salary": "1250.00"}}, {"model": "main.position", "pk": 11, "fields": {"name": "Customer Support Representative", "salary": "1150.00"}}, {"model": "main.employee", "pk": 2, "fields": {"user": 10, "first_name": "Hailey", "last_name": "Bieber", "date_of_birth": "1990-01-01", "photo": "employees/hailey_bieber_Sucz7tn.jpg", "phone": "+375 (29) 222-22-22", "email": "hailey@mail.ru", "position": 4}}, {"model": "main.employee", "pk": 3, "fields": {"user": 21, "first_name": "John", "last_name": "Doe", "date_of_birth": "1990-01-01", "photo": "", "phone": "+375 (29) 222-22-23", "email": "john.doe@example.com", "position": 7}}, {"model": "main.employee", "pk": 4, "fields": {"user": 22, "first_name": "Jane", "last_name": "Smith", "date_of_birth": "1988-05-12", "photo": "", "phone": "+375 (29) 222-22-24", "email": "jane.smith@example.com", "position": 8}}, {"model": "main.employee", "pk": 5, "fields": {"user": 23, "first_name": "Mike", "last_name": "Johnson", "date_of_birth": "1985-09-20", "photo": "", "phone": "+375 (29) 222-22-25", "email": "mike.j@example.com", "position": 9}}, {"model": "main.employee", "pk": 6, "fields": {"user": 24, "first_name": "Sarah", "last_name": "Williams", "date_of_birth": "1992-03-15", "photo": "", "phone": "+375 (29) 222-22-26", "email": "sarah.w@example.com", "position": 10}}, {"model": "main.employee", "pk": 7, "fields": {"user": 25, "first_name": "David", "last_name": "Brown", "date_of_birth": "1987-11-30", "photo": "", "phone": "+375 (29) 222-22-27", "email": "david.b@example.com", "position": 11}}, {"model": "main.employee", "pk": 8, "fields": {"user": 26, "first_name": "Emma", "last_name": "Jones", "date_of_birth": "1991-07-08", "photo": "", "phone": "+375 (29) 222-22-28", "email": "emma.j@example.com", "position": 1}}, {"model": "main.employee", "pk": 9, "fields": {"user": 27, "first_name": "Chris", "last_name": "Miller", "date_of_birth": "1986-02-25", "photo": "", "phone": "+375 (29) 222-22-29", "email": "chris.m@example.com", "position": 2}}, {"model": "main.employee", "pk": 10, "fields": {"user": 28, "first_name": "Patricia", "last_name": "Davis", "date_of_birth": "1993-10-10", "photo": "", "phone": "+375 (29) 222-22-30", "email": "pat.d@example.com", "position": 3}}, {"model": "main.employee", "pk": 11, "fields": {"user": 29, "first_name": "Robert", "last_name": "Garcia", "date_of_birth": "1989-04-18", "photo": "", "phone": "+375 (29) 222-22-31", "email": "robert.g@example.com", "position": 5}}, {"model": "main.order", "pk": 6, "fields": {"client": 1, "furniture": 9, "quantity": 3, "order_date": "2026-01-01", "delivery_date": "2026-04-01"}}, {"model": "main.order", "pk": 7, "fields": {"client": 2, "furniture": 5, "quantity": 2, "order_date": "2026-03-17", "delivery_date": "2026-08-10"}}, {"model": "main.order", "pk": 8, "fields": {"client": 3, "furniture": 6, "quantity": 1, "order_date": "2024-09-02", "delivery_date": "2024-12-02"}}, {"model": "main.order", "pk": 9, "fields": {"client": 4, "furniture": 7, "quantity": 3, "order_date": "2025-02-06", "delivery_date": "2025-09-01"}}, {"model": "main.order", "pk": 10, "fields": {"client": 5, "furniture": 8, "quantity": 5, "order_date": "2024-01-31", "delivery_date": "2024-07-04"}}, {"model": "main.order", "pk": 11, "fields": {"client": 6, "furniture": 9, "quantity": 2, "order_date": "2026-02-11", "delivery_date": "2026-06-06"}}, {"model": "main.order", "pk": 12, "fields": {"client": 7, "furniture": 10, "quantity": 4, "order_date": "2025-03-10", "delivery_date": "2025-07-14"}}, {"model": "main.order", "pk": 13, "fields": {"client": 8, "furniture": 1, "quantity": 6, "order_date": "2026-06-01", "delivery_date": "2026-09-01"}}, {"model": "main.order", "pk": 14, "fields": {"client": 9, "furniture": 2, "quantity": 3, "order_date": "2026-06-03", "delivery_date": "2026-09-03"}}, {"model": "main.order", "pk": 15, "fields": {"client": 10, "furniture": 3, "quantity": 7, "order_date": "2026-06-05", "delivery_date": "2026-09-05"}}, {"model": "main.order", "pk": 16, "fields": {"client": 1, "furniture": 6, "quantity": 2, "order_date": "2026-06-07", "delivery_date": "2026-10-19"}}, {"model": "main.news", "pk": 1, "fields": {"title": "New design - Boompala!", "short_content": "Boompala is last work of the most famous desingner in the world.", "image": "news_images/news_image_3.jpg", "created_date": "2026-05-27"}}, {"model": "main.news", "pk": 2, "fields": {"title": "They are gonna dissapear!", "short_content": "There are just several models of out favorite design!", "image": "news_images/news_image_2.jpg", "created_date": "2026-05-27"}}, {"model": "main.news", "pk": 3, "fields": {"title": "Do you want it?", "short_content": "We are thinking about recreating our past designs. Write us which favorite were for you!", "image": "news_images/news_image_1.jpg", "created_date": "2026-05-27"}}, {"model": "main.news", "pk": 4, "fields": {"title": "New Collection: Scandinavian Comfort", "short_content": "Discover our latest line of cozy sofas and armchairs inspired by Nordic design.", "image": "news_images/news_image_3_MVodlMB_YxQMRoI_2QfsuFI.jpg", "created_date": "2026-06-07"}}, {"model": "main.news", "pk": 5, "fields": {"title": "Eco-friendly Materials Now in Production", "short_content": "We are proud to introduce recycled wood and non-toxic finishes.", "image": "news_images/news_image_2_fi84oW9.jpg", "created_date": "2026-06-07"}}, {"model": "main.news", "pk": 6, "fields": {"title": "Seasonal Sale Up to 30% off!", "short_content": "Limited time offer on selected bedroom sets.", "image": "news_images/news_image_1_HEIJRWw.jpg", "created_date": "2026-06-07"}}, {"model": "main.news", "pk": 7, "fields": {"title": "We've Moved to a Larger Showroom", "short_content": "Visit our new location at 456 Furniture Ave, Minsk.", "image": "news_images/news_image_3_MVodlMB_YxQMRoI.jpg", "created_date": "2026-06-07"}}, {"model": "main.news", "pk": 8, "fields": {"title": "Interview with Our Head Designer", "short_content": "Read about the creative process behind our bestsellers.", "image": "news_images/news_image_1_ftuSBxZ.jpg", "created_date": "2026-06-07"}}, {"model": "main.news", "pk": 9, "fields": {"title": "Free Delivery on Orders Over $500", "short_content": "Enjoy free shipping within Minsk until the end of the month.", "image": "news_images/news_image_3_MVodlMB.jpg", "created_date": "2026-06-07"}}, {"model": "main.news", "pk": 10, "fields": {"title": "Workshop for DIY Enthusiasts", "short_content": "Learn how to restore old furniture. Register now!", "image": "news_images/news_image_2_5R5CR1N.jpg", "created_date": "2026-06-07"}}, {"model": "main.vacancy", "pk": 1, "fields": {"title": "Designer", "description": "Do that, those, these to create something FANTASTIC!", "salary": "1500.00", "location": "Minsk, Belarus", "created_date": "2026-05-27", "is_active": true}}, {"model": "main.vacancy", "pk": 2, "fields": {"title": "Cleaner", "description": "Person that makes people enjoy their working space.", "salary": "1000.00", "location": "Minsk, Belarus", "created_date": "2026-05-27", "is_active": true}}, {"model": "main.vacancy", "pk": 3, "fields": {"title": "Furniture Designer", "description": "Someone who will imagine new design for out furniture.", "salary": "1700.00", "location": "Minsk, Belarus", "created_date": "2026-05-27", "is_active": true}}, {"model": "main.vacancy", "pk": 4, "fields": {"title": "Warehouse Manager", "description": "Oversee inventory and logistics.", "salary": "1400.00", "location": "Minsk, Belarus", "created_date": "2026-06-07", "is_active": true}}, {"model": "main.vacancy", "pk": 5, "fields": {"title": "Sales Consultant", "description": "Assist customers in showroom.", "salary": "1200.00", "location": "Minsk, Belarus", "created_date": "2026-06-07", "is_active": true}}, {"model": "main.vacancy", "pk": 6, "fields": {"title": "Assembler", "description": "Assemble furniture for delivery.", "salary": "1100.00", "location": "Minsk, Belarus", "created_date": "2026-06-07", "is_active": true}}, {"model": "main.vacancy", "pk": 7, "fields": {"title": "Graphic Designer", "description": "Create promotional materials.", "salary": "1300.00", "location": "Remote", "created_date": "2026-06-07", "is_active": true}}, {"model": "main.vacancy", "pk": 8, "fields": {"title": "Procurement Specialist", "description": "Source materials and negotiate with suppliers.", "salary": "1250.00", "location": "Minsk, Belarus", "created_date": "2026-06-07", "is_active": true}}, {"model": "main.vacancy", "pk": 9, "fields": {"title": "IT Support", "description": "Maintain internal systems and website.", "salary": "1150.00", "location": "Minsk, Belarus", "created_date": "2026-06-07", "is_active": true}}, {"model": "main.vacancy", "pk": 10, "fields": {"title": "Marketing Assistant", "description": "Manage social media and campaigns.", "salary": "1100.00", "location": "Minsk, Belarus", "created_date": "2026-06-07", "is_active": true}}, {"model": "main.promocode", "pk": 1, "fields": {"code": "Summer2024", "discount": "0.23", "description": "Hoooooray, summer sales!!!", "valid_from": "2024-07-01", "valid_to": "2024-08-01", "is_active": false, "created_date": "2026-05-27"}}, {"model": "main.promocode", "pk": 2, "fields": {"code": "DISCOUNT10", "discount": "0.10", "description": "Happy sales!", "valid_from": "2026-02-03", "valid_to": "2026-02-11", "is_active": false, "created_date": "2026-05-27"}}, {"model": "main.promocode", "pk": 3, "fields": {"code": "PRESUMMER2026", "discount": "0.15", "description": "Are you ready to this summer?", "valid_from": "2026-05-20", "valid_to": "2026-06-24", "is_active": true, "created_date": "2026-05-27"}}, {"model": "main.promocode", "pk": 4, "fields": {"code": "WELCOME10", "discount": "0.10", "description": "10% off for new customers", "valid_from": "2026-01-01", "valid_to": "2026-12-31", "is_active": true, "created_date": "2026-06-07"}}, {"model": "main.promocode", "pk": 5, "fields": {"code": "SPRING5", "discount": "0.05", "description": "Spring discount", "valid_from": "2026-03-01", "valid_to": "2026-05-31", "is_active": false, "created_date": "2026-06-07"}}, {"model": "main.promocode", "pk": 6, "fields": {"code": "FURNITURE20", "discount": "0.20", "description": "20% off on orders >$300", "valid_from": "2026-06-10", "valid_to": "2026-07-10", "is_active": true, "created_date": "2026-06-07"}}, {"model": "main.promocode", "pk": 7, "fields": {"code": "BEDROOM15", "discount": "0.15", "description": "15% off on bedroom furniture", "valid_from": "2026-07-01", "valid_to": "2026-08-31", "is_active": true, "created_date": "2026-06-07"}}, {"model": "main.promocode", "pk": 8, "fields": {"code": "OFFICE12", "discount": "0.12", "description": "12% off on office furniture", "valid_from": "2026-08-15", "valid_to": "2026-09-15", "is_active": true, "created_date": "2026-06-07"}}, {"model": "main.promocode", "pk": 9, "fields": {"code": "LOYALTY25", "discount": "0.25", "description": "25% off for returning customers", "valid_from": "2026-09-01", "valid_to": "2026-10-01", "is_active": true, "created_date": "2026-06-07"}}, {"model": "main.promocode", "pk": 10, "fields": {"code": "CLEARANCE30", "discount": "0.30", "description": "30% off on selected items", "valid_from": "2026-10-10", "valid_to": "2026-11-10", "is_active": true, "created_date": "2026-06-07"}}, {"model": "main.review", "pk": 3, "fields": {"name": "bebe", "text": "bebe", "rating": 2, "created_at": "2026-06-06T20:43:54.845Z"}}, {"model": "main.review", "pk": 4, "fields": {"name": "Anna", "text": "The table arrived earlier than expected. Great quality!", "rating": 5, "created_at": "2026-06-07T11:54:32.859Z"}}, {"model": "main.review", "pk": 5, "fields": {"name": "Max", "text": "Bed is comfortable but assembly instructions were confusing.", "rating": 4, "created_at": "2026-06-07T11:54:32.864Z"}}, {"model": "main.review", "pk": 6, "fields": {"name": "Elena", "text": "Very poor customer service. The sofa had a defect.", "rating": 2, "created_at": "2026-06-07T11:54:32.868Z"}}, {"model": "main.review", "pk": 7, "fields": {"name": "Ivan", "text": "Excellent value for money. Will order again.", "rating": 5, "created_at": "2026-06-07T11:54:32.872Z"}}, {"model": "main.review", "pk": 8, "fields": {"name": "Olga", "text": "Delivery was late, but the product is nice.", "rating": 3, "created_at": "2026-06-07T11:54:32.876Z"}}, {"model": "main.review", "pk": 9, "fields": {"name": "Sergey", "text": "Amazing design! Fits perfectly in my loft apartment.", "rating": 5, "created_at": "2026-06-07T11:54:32.882Z"}}, {"model": "main.review", "pk": 10, "fields": {"name": "Daria", "text": "The cabinet was scratched. I requested a replacement.", "rating": 2, "created_at": "2026-06-07T11:54:32.885Z"}}, {"model": "main.review", "pk": 11, "fields": {"name": "Pavel", "text": "Good quality, but a bit overpriced.", "rating": 3, "created_at": "2026-06-07T11:54:32.890Z"}}, {"model": "main.review", "pk": 12, "fields": {"name": "Natalia", "text": "Very happy with my purchase. Smooth transaction.", "rating": 5, "created_at": "2026-06-07T11:54:32.893Z"}}, {"model": "main.companyinfo", "pk": 1, "fields": {"name": "Furniture Factory", "founded_year": 2010, "description": "Furniture Factory has been a leading manufacturer of high-quality furniture for over a decade.", "mission": "To create beautiful, functional, and sustainable furniture that enhances living and working spaces.", "values": [{"title": "Quality", "description": "We use only the finest materials and craftsmanship."}, {"title": "Innovation", "description": "We constantly improve our designs and production methods."}, {"title": "Sustainability", "description": "We are committed to environmentally responsible practices."}, {"title": "Customer Satisfaction", "description": "Your happiness is our priority."}], "address": "123 Furniture Street, Minsk, Belarus", "phone": "+375 (29) 123-45-67", "email": "info@furniturefactory.by", "working_hours": "Monday - Friday: 9:00 AM - 6:00 PM\r\nSaturday: 10:00 AM - 4:00 PM\r\nSunday: Closed", "products_info": "We manufacture a wide range of furniture including kitchen, office, and cabinet furniture. Each piece is designed with attention to detail and built to last."}}, {"model": "main.faq", "pk": 1, "fields": {"question": "How are you?", "answer": "I'm fine, and you?", "added_date": "2026-06-06", "is_published": true, "order": 0}}, {"model": "main.faq", "pk": 2, "fields": {"question": "How i should understand?", "answer": "I don't know", "added_date": "2026-06-06", "is_published": true, "order": 0}}, {"model": "main.faq", "pk": 3, "fields": {"question": "Is that normal?", "answer": "I think so", "added_date": "2026-06-06", "is_published": true, "order": 0}}, {"model": "main.faq", "pk": 4, "fields": {"question": "What is the estimated delivery time?", "answer": "Delivery usually takes 5–7 business days after order confirmation.", "added_date": "2026-06-07", "is_published": true, "order": 0}}, {"model": "main.faq", "pk": 5, "fields": {"question": "Do you offer assembly service?", "answer": "Yes, you can add assembly for $30 per item during checkout.", "added_date": "2026-06-07", "is_published": true, "order": 0}}, {"model": "main.faq", "pk": 6, "fields": {"question": "What is your return policy?", "answer": "You may return unused items within 14 days for a full refund.", "added_date": "2026-06-07", "is_published": true, "order": 0}}, {"model": "main.faq", "pk": 7, "fields": {"question": "Can I change my delivery address after ordering?", "answer": "Please contact support within 2 hours of placing the order.", "added_date": "2026-06-07", "is_published": true, "order": 0}}, {"model": "main.faq", "pk": 8, "fields": {"question": "Do you ship internationally?", "answer": "Currently we only ship within Belarus.", "added_date": "2026-06-07", "is_published": true, "order": 0}}, {"model": "main.faq", "pk": 9, "fields": {"question": "How can I track my order?", "answer": "A tracking link will be sent to your email once the order is dispatched.", "added_date": "2026-06-07", "is_published": true, "order": 0}}, {"model": "main.faq", "pk": 10, "fields": {"question": "Are your products eco-friendly?", "answer": "We use FSC-certified wood and water-based finishes.", "added_date": "2026-06-07", "is_published": true, "order": 0}}]